type,time,latitude,longitude,altitude (m),name,desc
T,2022-04-22 10:08:58,54.371331101,18.613549462,12.2,Gdańsk Kolarstwo,
T,2022-04-22 10:08:59,54.371320624,18.613550048,12.2,,
T,2022-04-22 10:09:03,54.371350547,18.613431947,12.0,,
T,2022-04-22 10:09:05,54.371414836,18.613426080,12.2,,
T,2022-04-22 10:09:10,54.371628407,18.613571087,13.0,,
T,2022-04-22 10:09:15,54.371901825,18.613736546,15.0,,
T,2022-04-22 10:09:22,54.372233078,18.613921534,18.2,,
T,2022-04-22 10:09:26,54.372394765,18.614007114,18.2,,
T,2022-04-22 10:09:28,54.372453438,18.614102919,17.6,,
T,2022-04-22 10:09:30,54.372482272,18.614241472,16.8,,
T,2022-04-22 10:09:31,54.372475985,18.614303749,16.2,,
T,2022-04-22 10:09:34,54.372433657,18.614510112,14.8,,
T,2022-04-22 10:09:37,54.372398956,18.614724772,13.4,,
T,2022-04-22 10:09:42,54.372328296,18.615105562,12.4,,
T,2022-04-22 10:09:45,54.372296864,18.615325168,12.0,,
T,2022-04-22 10:09:46,54.372291248,18.615392139,12.0,,
T,2022-04-22 10:09:49,54.372330224,18.615559023,11.6,,
T,2022-04-22 10:09:51,54.372402644,18.615617109,11.8,,
T,2022-04-22 10:09:54,54.372532982,18.615687015,12.4,,
T,2022-04-22 10:09:58,54.372730879,18.615775695,12.6,,
T,2022-04-22 10:09:59,54.372777566,18.615796398,12.6,,
T,2022-04-22 10:10:05,54.373001866,18.615916343,12.0,,
T,2022-04-22 10:10:07,54.373082165,18.615991110,12.0,,
T,2022-04-22 10:10:08,54.373117285,18.616027236,12.0,,
T,2022-04-22 10:10:10,54.373164559,18.616124382,12.0,,
T,2022-04-22 10:10:12,54.373156177,18.616262097,12.0,,
T,2022-04-22 10:10:14,54.373125331,18.616407271,12.6,,
T,2022-04-22 10:10:18,54.373046290,18.616738692,12.8,,
T,2022-04-22 10:10:20,54.373008655,18.616910437,12.2,,
T,2022-04-22 10:10:24,54.372927854,18.617263567,11.0,,
T,2022-04-22 10:10:27,54.372858368,18.617530782,11.0,,
T,2022-04-22 10:10:32,54.372734316,18.617960270,11.6,,
T,2022-04-22 10:10:33,54.372706991,18.618031433,12.0,,
T,2022-04-22 10:10:34,54.372683186,18.618110558,12.4,,
T,2022-04-22 10:10:38,54.372599451,18.618461005,13.4,,
T,2022-04-22 10:10:41,54.372522086,18.618711540,13.8,,
T,2022-04-22 10:10:44,54.372454360,18.618951850,14.0,,
T,2022-04-22 10:10:48,54.372381605,18.619264746,14.2,,
T,2022-04-22 10:10:50,54.372339863,18.619399108,14.4,,
T,2022-04-22 10:10:55,54.372244310,18.619692558,15.0,,
T,2022-04-22 10:10:58,54.372236095,18.619840415,15.2,,
T,2022-04-22 10:10:59,54.372260738,18.619880984,15.2,,
T,2022-04-22 10:11:03,54.372429969,18.620062955,15.8,,
T,2022-04-22 10:11:08,54.372724174,18.620317429,15.0,,
T,2022-04-22 10:11:09,54.372783015,18.620382138,15.0,,
T,2022-04-22 10:11:12,54.372964315,18.620577520,14.4,,
T,2022-04-22 10:11:13,54.373034220,18.620635942,14.0,,
T,2022-04-22 10:11:18,54.373328844,18.620945318,13.8,,
T,2022-04-22 10:11:19,54.373378716,18.620986724,13.6,,
T,2022-04-22 10:11:23,54.373548031,18.621144388,13.0,,
T,2022-04-22 10:11:24,54.373574015,18.621194763,13.0,,
T,2022-04-22 10:11:26,54.373591533,18.621284701,12.8,,
T,2022-04-22 10:11:27,54.373586252,18.621326024,13.0,,
T,2022-04-22 10:11:28,54.373575104,18.621371873,13.0,,
T,2022-04-22 10:11:33,54.373473432,18.621634562,13.0,,
T,2022-04-22 10:11:37,54.373334125,18.621865818,13.0,,
T,2022-04-22 10:11:39,54.373257263,18.621987104,13.2,,
T,2022-04-22 10:11:42,54.373139245,18.622163124,14.0,,
T,2022-04-22 10:11:44,54.373078980,18.622284913,13.6,,
T,2022-04-22 10:11:45,54.373045955,18.622343251,13.6,,
T,2022-04-22 10:11:46,54.373010667,18.622398237,13.6,,
T,2022-04-22 10:11:49,54.372897930,18.622584566,13.6,,
T,2022-04-22 10:11:54,54.372719312,18.622901235,14.2,,
T,2022-04-22 10:11:57,54.372629793,18.623078261,14.4,,
T,2022-04-22 10:11:58,54.372601463,18.623143975,14.4,,
T,2022-04-22 10:12:01,54.372484367,18.623308511,13.4,,
T,2022-04-22 10:12:02,54.372443883,18.623350505,13.2,,
T,2022-04-22 10:12:04,54.372365512,18.623468019,12.2,,
T,2022-04-22 10:12:06,54.372314550,18.623588132,11.4,,
T,2022-04-22 10:12:08,54.372268114,18.623704221,10.8,,
T,2022-04-22 10:12:14,54.372074408,18.624011166,10.0,,
T,2022-04-22 10:12:15,54.372072648,18.624042431,10.0,,
T,2022-04-22 10:12:17,54.372078767,18.624070678,9.8,,
T,2022-04-22 10:12:20,54.372078767,18.624070678,9.8,,
T,2022-04-22 10:12:48,54.372111373,18.624112336,9.6,,
T,2022-04-22 10:12:50,54.372132830,18.624156592,9.4,,
T,2022-04-22 10:12:54,54.372198209,18.624272933,9.2,,
T,2022-04-22 10:12:55,54.372224780,18.624316519,9.4,,
T,2022-04-22 10:13:02,54.372405242,18.624645593,10.6,,
T,2022-04-22 10:13:04,54.372473471,18.624758581,11.0,,
T,2022-04-22 10:13:06,54.372533318,18.624801580,10.8,,
T,2022-04-22 10:13:09,54.372603055,18.624699907,10.2,,
T,2022-04-22 10:13:10,54.372626357,18.624682724,10.2,,
T,2022-04-22 10:13:12,54.372681426,18.624706445,10.0,,
T,2022-04-22 10:13:14,54.372763485,18.624786157,10.0,,
T,2022-04-22 10:13:16,54.372855686,18.624914484,9.6,,
T,2022-04-22 10:13:20,54.373021983,18.625220843,9.6,,
T,2022-04-22 10:13:22,54.373128265,18.625313295,10.0,,
T,2022-04-22 10:13:24,54.373207642,18.625400718,10.0,,
T,2022-04-22 10:13:26,54.373276206,18.625416728,10.0,,
T,2022-04-22 10:13:28,54.373360444,18.625357803,10.0,,
T,2022-04-22 10:13:29,54.373414088,18.625332322,10.4,,
T,2022-04-22 10:13:35,54.373758836,18.625149764,10.6,,
T,2022-04-22 10:13:40,54.374056309,18.624857068,10.2,,
T,2022-04-22 10:13:47,54.374490324,18.624382485,8.8,,
T,2022-04-22 10:13:48,54.374548327,18.624324985,8.6,,
T,2022-04-22 10:13:49,54.374604234,18.624258013,8.2,,
T,2022-04-22 10:13:52,54.374776818,18.624064811,8.0,,
T,2022-04-22 10:13:58,54.375136318,18.623779323,9.2,,
T,2022-04-22 10:14:01,54.375312841,18.623731881,9.6,,
T,2022-04-22 10:14:02,54.375357013,18.623717129,9.8,,
T,2022-04-22 10:14:03,54.375402108,18.623706736,9.8,,
T,2022-04-22 10:14:05,54.375485256,18.623715369,9.8,,
T,2022-04-22 10:14:06,54.375522388,18.623773037,9.6,,
T,2022-04-22 10:14:07,54.375546528,18.623880912,9.0,,
T,2022-04-22 10:14:10,54.375595143,18.623971604,8.8,,
T,2022-04-22 10:14:14,54.375602016,18.623974705,8.8,,
T,2022-04-22 10:16:28,54.375778120,18.623954672,8.0,,
T,2022-04-22 10:16:29,54.375826316,18.623956349,8.0,,
T,2022-04-22 10:16:35,54.376103505,18.623965820,6.2,,
T,2022-04-22 10:16:37,54.376180703,18.623990212,6.4,,
T,2022-04-22 10:16:39,54.376258487,18.624010496,6.6,,
T,2022-04-22 10:16:44,54.376529809,18.623890216,8.2,,
T,2022-04-22 10:16:51,54.376908671,18.623738838,11.0,,
T,2022-04-22 10:16:52,54.376966842,18.623719560,11.0,,
T,2022-04-22 10:16:56,54.377186364,18.623643788,11.0,,
T,2022-04-22 10:16:58,54.377307063,18.623600118,11.2,,
T,2022-04-22 10:17:02,54.377557682,18.623504061,11.6,,
T,2022-04-22 10:17:03,54.377623312,18.623477658,11.6,,
T,2022-04-22 10:17:07,54.377850210,18.623395013,11.6,,
T,2022-04-22 10:17:09,54.377974682,18.623355953,11.2,,
T,2022-04-22 10:17:12,54.378141649,18.623299375,10.2,,
T,2022-04-22 10:17:15,54.378318926,18.623248916,9.4,,
T,2022-04-22 10:17:21,54.378698459,18.623128217,7.8,,
T,2022-04-22 10:17:23,54.378797533,18.623081194,8.0,,
T,2022-04-22 10:17:24,54.378857464,18.623060323,8.0,,
T,2022-04-22 10:17:26,54.379000962,18.623044146,8.6,,
T,2022-04-22 10:17:27,54.379066844,18.623055713,8.8,,
T,2022-04-22 10:17:28,54.379116716,18.623057557,9.0,,
T,2022-04-22 10:17:30,54.379234063,18.623010367,9.6,,
T,2022-04-22 10:17:31,54.379286617,18.622963931,10.0,,
T,2022-04-22 10:17:32,54.379356941,18.622910790,10.4,,
T,2022-04-22 10:17:34,54.379476300,18.622843148,10.8,,
T,2022-04-22 10:17:36,54.379612422,18.622789169,10.2,,
T,2022-04-22 10:17:43,54.380043251,18.622584064,10.6,,
T,2022-04-22 10:17:50,54.380481541,18.622368062,8.8,,
T,2022-04-22 10:17:54,54.380729478,18.622202100,9.4,,
T,2022-04-22 10:17:56,54.380874736,18.622159269,9.6,,
T,2022-04-22 10:18:04,54.381389050,18.622162705,9.6,,
T,2022-04-22 10:18:05,54.381458787,18.622163124,9.6,,
T,2022-04-22 10:18:09,54.381704964,18.622172680,10.0,,
T,2022-04-22 10:18:12,54.381897915,18.622171674,11.0,,
T,2022-04-22 10:18:13,54.381962623,18.622173853,10.8,,
T,2022-04-22 10:18:20,54.382423209,18.622159101,8.4,,
T,2022-04-22 10:18:25,54.382765945,18.622149294,6.0,,
T,2022-04-22 10:18:29,54.383045565,18.622139404,5.0,,
T,2022-04-22 10:18:33,54.383280426,18.622143762,5.0,,
T,2022-04-22 10:18:34,54.383321414,18.622165639,5.0,,
T,2022-04-22 10:18:35,54.383356953,18.622190617,5.2,,
T,2022-04-22 10:18:39,54.383555772,18.622238562,6.0,,
T,2022-04-22 10:18:45,54.383904878,18.622293798,6.2,,
T,2022-04-22 10:18:46,54.383969670,18.622302683,6.6,,
T,2022-04-22 10:18:53,54.384427574,18.622347191,9.4,,
T,2022-04-22 10:18:57,54.384672660,18.622397734,10.0,,
T,2022-04-22 10:18:58,54.384735692,18.622407624,10.4,,
T,2022-04-22 10:19:05,54.385204073,18.622386251,12.4,,
T,2022-04-22 10:19:12,54.385684608,18.622520361,12.4,,
T,2022-04-22 10:19:20,54.386175452,18.622540394,10.6,,
T,2022-04-22 10:19:27,54.386608545,18.622607365,11.2,,
T,2022-04-22 10:19:32,54.386925213,18.622627230,11.2,,
T,2022-04-22 10:19:34,54.387050522,18.622659165,11.0,,
T,2022-04-22 10:19:40,54.387432989,18.622731082,10.0,,
T,2022-04-22 10:19:42,54.387559639,18.622692022,9.6,,
T,2022-04-22 10:19:46,54.387818640,18.622743906,9.0,,
T,2022-04-22 10:19:50,54.388020141,18.622814231,9.0,,
T,2022-04-22 10:19:52,54.388130950,18.622819846,9.4,,
T,2022-04-22 10:19:54,54.388244776,18.622828061,9.8,,
T,2022-04-22 10:19:57,54.388439823,18.622823786,9.4,,
T,2022-04-22 10:20:01,54.388669655,18.622829318,9.0,,
T,2022-04-22 10:20:07,54.389038878,18.622830156,9.8,,
T,2022-04-22 10:20:08,54.389092941,18.622849267,10.0,,
T,2022-04-22 10:20:12,54.389253287,18.622874161,10.6,,
T,2022-04-22 10:20:16,54.389401479,18.622793192,10.8,,
T,2022-04-22 10:20:17,54.389439449,18.622775842,10.6,,
T,2022-04-22 10:20:18,54.389481107,18.622773243,10.4,,
T,2022-04-22 10:20:19,54.389526704,18.622777518,10.4,,
T,2022-04-22 10:20:20,54.389575319,18.622778356,10.2,,
T,2022-04-22 10:20:27,54.389945129,18.622798724,8.2,,
T,2022-04-22 10:20:30,54.390144618,18.622801071,8.0,,
T,2022-04-22 10:20:33,54.390348885,18.622817919,8.0,,
T,2022-04-22 10:20:41,54.390909802,18.622792354,8.0,,
T,2022-04-22 10:20:46,54.391263099,18.622772237,8.0,,
T,2022-04-22 10:20:51,54.391603321,18.622769136,8.0,,
T,2022-04-22 10:20:59,54.392141858,18.622751199,8.0,,
T,2022-04-22 10:21:05,54.392544357,18.622756228,7.2,,
T,2022-04-22 10:21:09,54.392835209,18.622754384,8.0,,
T,2022-04-22 10:21:11,54.392977115,18.622759329,8.0,,
T,2022-04-22 10:21:14,54.393183226,18.622743571,8.8,,
T,2022-04-22 10:21:17,54.393387493,18.622740805,9.0,,
T,2022-04-22 10:21:19,54.393523699,18.622743487,9.0,,
T,2022-04-22 10:21:27,54.394063577,18.622734686,8.0,,
T,2022-04-22 10:21:30,54.394255690,18.622731501,8.0,,
T,2022-04-22 10:21:32,54.394388795,18.622727143,8.0,,
T,2022-04-22 10:21:40,54.394906461,18.622712474,7.8,,
T,2022-04-22 10:21:45,54.395244587,18.622726221,7.6,,
T,2022-04-22 10:21:53,54.395812461,18.622727646,7.2,,
T,2022-04-22 10:22:00,54.396285620,18.622724377,5.2,,
T,2022-04-22 10:22:05,54.396645790,18.622723036,5.4,,
T,2022-04-22 10:22:13,54.397195894,18.622724125,6.0,,
T,2022-04-22 10:22:14,54.397260016,18.622724880,6.0,,
T,2022-04-22 10:22:21,54.397717332,18.622711468,6.0,,
T,2022-04-22 10:22:22,54.397781286,18.622714821,6.0,,
T,2022-04-22 10:22:31,54.398364248,18.622725802,7.2,,
T,2022-04-22 10:22:32,54.398431638,18.622728735,7.4,,
T,2022-04-22 10:22:40,54.398941342,18.622706942,6.8,,
T,2022-04-22 10:22:41,54.398983754,18.622708283,6.6,,
T,2022-04-22 10:22:44,54.399093641,18.622709792,6.4,,
T,2022-04-22 10:22:45,54.399123397,18.622695962,6.4,,
T,2022-04-22 10:22:46,54.399145860,18.622669978,6.6,,
T,2022-04-22 10:22:48,54.399169162,18.622590182,6.8,,
T,2022-04-22 10:22:51,54.399177544,18.622551877,6.8,,
T,2022-04-22 10:22:52,54.399177544,18.622551877,6.8,,
T,2022-04-22 10:22:58,54.399173353,18.622444840,6.8,,
T,2022-04-22 10:23:00,54.399175113,18.622333193,6.8,,
T,2022-04-22 10:23:06,54.399190955,18.621954415,6.8,,
T,2022-04-22 10:23:09,54.399236636,18.621925917,6.4,,
T,2022-04-22 10:23:14,54.399227668,18.621935556,6.6,,
T,2022-04-22 10:23:36,54.399262704,18.621941842,6.4,,
T,2022-04-22 10:23:37,54.399296902,18.621942848,6.4,,
T,2022-04-22 10:23:38,54.399336046,18.621939495,6.2,,
T,2022-04-22 10:23:39,54.399382984,18.621942513,6.0,,
T,2022-04-22 10:23:43,54.399588676,18.621996073,6.0,,
T,2022-04-22 10:23:48,54.399869805,18.621998671,5.4,,
T,2022-04-22 10:23:49,54.399924204,18.621999761,5.2,,
T,2022-04-22 10:23:57,54.400397781,18.622014429,4.0,,
T,2022-04-22 10:23:58,54.400460981,18.622007305,4.0,,
T,2022-04-22 10:24:07,54.401032124,18.621967323,2.2,,
T,2022-04-22 10:24:17,54.401622126,18.621963803,3.0,,
T,2022-04-22 10:24:18,54.401679290,18.621975034,3.2,,
T,2022-04-22 10:24:19,54.401730420,18.621994145,3.4,,
T,2022-04-22 10:24:20,54.401776018,18.622022225,3.4,,
T,2022-04-22 10:24:21,54.401820861,18.622047454,3.6,,
T,2022-04-22 10:24:22,54.401866207,18.622063547,3.8,,
T,2022-04-22 10:24:23,54.401909793,18.622069499,4.0,,
T,2022-04-22 10:24:26,54.402015237,18.622009316,4.4,,
T,2022-04-22 10:24:29,54.402078018,18.621991379,4.6,,
T,2022-04-22 10:24:30,54.402083047,18.621992720,4.6,,
T,2022-04-22 10:24:31,54.402083047,18.621992720,4.6,,
T,2022-04-22 10:24:32,54.402083047,18.621992720,4.6,,
T,2022-04-22 10:24:36,54.402122023,18.622032199,4.8,,
T,2022-04-22 10:24:37,54.402150940,18.622067403,4.8,,
T,2022-04-22 10:24:40,54.402258899,18.622181732,5.0,,
T,2022-04-22 10:24:41,54.402303826,18.622209644,5.0,,
T,2022-04-22 10:24:45,54.402479678,18.622286003,5.0,,
T,2022-04-22 10:24:47,54.402543716,18.622316429,5.0,,
T,2022-04-22 10:24:51,54.402606497,18.622342665,5.0,,
T,2022-04-22 10:24:55,54.402701044,18.622462107,5.0,,
T,2022-04-22 10:24:57,54.402748989,18.622597978,5.0,,
T,2022-04-22 10:24:59,54.402821492,18.622728484,4.8,,
T,2022-04-22 10:25:00,54.402866922,18.622785984,4.6,,
T,2022-04-22 10:25:07,54.403240252,18.623164175,4.8,,
T,2022-04-22 10:25:15,54.403695641,18.623517305,6.8,,
T,2022-04-22 10:25:21,54.404008957,18.623737246,8.2,,
T,2022-04-22 10:25:24,54.404170644,18.623834644,8.4,,
T,2022-04-22 10:25:26,54.404280111,18.623899771,8.6,,
T,2022-04-22 10:25:32,54.404593678,18.624136392,8.2,,
T,2022-04-22 10:25:41,54.405068010,18.624473345,8.0,,
T,2022-04-22 10:25:47,54.405375207,18.624708541,6.8,,
T,2022-04-22 10:25:48,54.405422313,18.624746092,6.4,,
T,2022-04-22 10:25:54,54.405734790,18.624947509,4.6,,
T,2022-04-22 10:26:02,54.406171571,18.625212964,4.4,,
T,2022-04-22 10:26:05,54.406340383,18.625307512,4.0,,
T,2022-04-22 10:26:06,54.406395284,18.625333160,4.0,,
T,2022-04-22 10:26:14,54.406846901,18.625478838,3.8,,
T,2022-04-22 10:26:22,54.407318635,18.625580007,4.4,,
T,2022-04-22 10:26:25,54.407499600,18.625618983,5.0,,
T,2022-04-22 10:26:30,54.407791626,18.625685200,5.8,,
T,2022-04-22 10:26:31,54.407849126,18.625698024,5.6,,
T,2022-04-22 10:26:34,54.408011567,18.625730211,5.0,,
T,2022-04-22 10:26:40,54.408340976,18.625790393,3.8,,
T,2022-04-22 10:26:48,54.408806087,18.625884606,2.2,,
T,2022-04-22 10:26:57,54.409314618,18.625996001,1.6,,
T,2022-04-22 10:26:58,54.409385612,18.626029696,1.8,,
T,2022-04-22 10:27:00,54.409500780,18.626123155,2.6,,
T,2022-04-22 10:27:01,54.409547467,18.626186354,3.0,,
T,2022-04-22 10:27:02,54.409586694,18.626257852,3.2,,
T,2022-04-22 10:27:04,54.409625502,18.626430854,3.4,,
T,2022-04-22 10:27:06,54.409639081,18.626624476,3.6,,
T,2022-04-22 10:27:08,54.409627011,18.626830420,3.4,,
T,2022-04-22 10:27:15,54.409568422,18.627565261,3.6,,
T,2022-04-22 10:27:18,54.409558866,18.627848234,3.6,,
T,2022-04-22 10:27:19,54.409574624,18.627926772,3.6,,
T,2022-04-22 10:27:20,54.409605134,18.627980333,3.6,,
T,2022-04-22 10:27:21,54.409651654,18.628016459,3.8,,
T,2022-04-22 10:27:22,54.409704041,18.628053088,4.0,,
T,2022-04-22 10:27:31,54.410223551,18.628400601,3.2,,
T,2022-04-22 10:27:40,54.410731662,18.628743757,4.8,,
T,2022-04-22 10:27:45,54.410957638,18.628881807,5.8,,
T,2022-04-22 10:27:46,54.410998207,18.628909048,6.0,,
T,2022-04-22 10:27:47,54.411038440,18.628917765,6.0,,
T,2022-04-22 10:27:50,54.411165342,18.628858253,6.0,,
T,2022-04-22 10:27:51,54.411208676,18.628838053,6.0,,
T,2022-04-22 10:27:53,54.411293082,18.628848698,6.0,,
T,2022-04-22 10:27:54,54.411333734,18.628861606,6.2,,
T,2022-04-22 10:27:55,54.411367094,18.628844926,6.2,,
T,2022-04-22 10:27:56,54.411386456,18.628799329,6.4,,
T,2022-04-22 10:27:58,54.411438257,18.628680389,6.8,,
T,2022-04-22 10:28:01,54.411552418,18.628513170,6.4,,
T,2022-04-22 10:28:06,54.411721313,18.628095919,4.8,,
T,2022-04-22 10:28:10,54.411821980,18.627699791,3.8,,
T,2022-04-22 10:28:11,54.411834721,18.627598789,3.6,,
T,2022-04-22 10:28:14,54.411875876,18.627242139,4.2,,
T,2022-04-22 10:28:15,54.411893813,18.627122780,4.4,,
T,2022-04-22 10:28:17,54.411935471,18.626884567,5.4,,
T,2022-04-22 10:28:19,54.412012165,18.626665631,6.2,,
T,2022-04-22 10:28:20,54.412054494,18.626561780,6.6,,
T,2022-04-22 10:28:23,54.412207715,18.626310909,8.0,,
T,2022-04-22 10:28:31,54.412595797,18.625631221,7.6,,
T,2022-04-22 10:28:32,54.412636030,18.625532817,7.2,,
T,2022-04-22 10:28:40,54.412957644,18.624717928,5.2,,
T,2022-04-22 10:28:46,54.413141292,18.624203280,5.6,,
T,2022-04-22 10:28:49,54.413162079,18.624017537,6.2,,
T,2022-04-22 10:28:50,54.413173981,18.623973113,6.4,,
T,2022-04-22 10:28:54,54.413210610,18.623876888,6.6,,
T,2022-04-22 10:28:58,54.413257884,18.623684440,7.0,,
T,2022-04-22 10:29:01,54.413307337,18.623506995,7.6,,
T,2022-04-22 10:29:02,54.413340949,18.623470701,7.4,,
T,2022-04-22 10:29:03,54.413386127,18.623451171,7.2,,
T,2022-04-22 10:29:05,54.413486542,18.623399874,6.6,,
T,2022-04-22 10:29:06,54.413533062,18.623336088,6.6,,
T,2022-04-22 10:29:07,54.413570361,18.623251934,6.2,,
T,2022-04-22 10:29:11,54.413720900,18.622875335,5.4,,
T,2022-04-22 10:29:15,54.413890466,18.622473255,4.0,,
T,2022-04-22 10:29:16,54.413933549,18.622364793,4.2,,
T,2022-04-22 10:29:17,54.413967412,18.622254487,4.2,,
T,2022-04-22 10:29:20,54.414074533,18.621909656,5.4,,
T,2022-04-22 10:29:21,54.414108731,18.621842684,5.6,,
T,2022-04-22 10:29:27,54.414386423,18.621314205,5.6,,
T,2022-04-22 10:29:35,54.414716000,18.620453551,6.6,,
T,2022-04-22 10:29:41,54.414932588,18.619841170,7.0,,
T,2022-04-22 10:29:42,54.414966200,18.619742766,7.2,,
T,2022-04-22 10:29:44,54.415037697,18.619523160,7.0,,
T,2022-04-22 10:29:46,54.415100813,18.619297016,7.4,,
T,2022-04-22 10:29:47,54.415130988,18.619189141,7.2,,
T,2022-04-22 10:29:48,54.415164264,18.619081434,7.2,,
T,2022-04-22 10:29:49,54.415196115,18.618971799,7.4,,
T,2022-04-22 10:29:54,54.415350175,18.618511548,8.0,,
T,2022-04-22 10:29:55,54.415383199,18.618418006,8.2,,
T,2022-04-22 10:29:59,54.415536420,18.618031852,8.4,,
T,2022-04-22 10:30:04,54.415704478,18.617539834,10.8,,
T,2022-04-22 10:30:05,54.415746303,18.617453668,10.8,,
T,2022-04-22 10:30:06,54.415790811,18.617364569,11.2,,
T,2022-04-22 10:30:08,54.415871948,18.617173126,11.6,,
T,2022-04-22 10:30:09,54.415907320,18.617071537,11.6,,
T,2022-04-22 10:30:15,54.416158777,18.616468627,10.8,,
T,2022-04-22 10:30:16,54.416207895,18.616354885,10.0,,
T,2022-04-22 10:30:18,54.416287942,18.616143577,9.4,,
T,2022-04-22 10:30:20,54.416358937,18.615956912,8.8,,
T,2022-04-22 10:30:21,54.416406211,18.615835877,9.0,,
T,2022-04-22 10:30:27,54.416651800,18.615248725,11.4,,
T,2022-04-22 10:30:28,54.416696224,18.615153590,11.4,,
T,2022-04-22 10:30:29,54.416739810,18.615056528,11.4,,
T,2022-04-22 10:30:34,54.416962937,18.614558307,10.2,,
T,2022-04-22 10:30:39,54.417184722,18.614089591,8.2,,
T,2022-04-22 10:30:41,54.417277090,18.613903094,7.4,,
T,2022-04-22 10:30:43,54.417364849,18.613705030,7.2,,
T,2022-04-22 10:30:45,54.417444225,18.613508642,7.6,,
T,2022-04-22 10:30:49,54.417608092,18.613132546,8.8,,
T,2022-04-22 10:30:51,54.417614797,18.612915622,9.6,,
T,2022-04-22 10:30:52,54.417619742,18.612817973,10.0,,
T,2022-04-22 10:30:53,54.417640362,18.612724515,10.4,,
T,2022-04-22 10:30:55,54.417715464,18.612610353,10.2,,
T,2022-04-22 10:30:58,54.417828955,18.612609515,9.4,,
T,2022-04-22 10:31:01,54.417942530,18.612437099,9.4,,
T,2022-04-22 10:31:05,54.418093907,18.612130824,9.2,,
T,2022-04-22 10:31:07,54.418181665,18.611947931,9.0,,
T,2022-04-22 10:31:13,54.418420717,18.611405119,9.0,,
T,2022-04-22 10:31:15,54.418507135,18.611225998,8.8,,
T,2022-04-22 10:31:18,54.418649962,18.610920729,8.6,,
T,2022-04-22 10:31:20,54.418740990,18.610702632,8.4,,
T,2022-04-22 10:31:21,54.418776780,18.610585956,8.6,,
T,2022-04-22 10:31:24,54.418859594,18.610199466,8.4,,
T,2022-04-22 10:31:26,54.418945257,18.609992685,8.2,,
T,2022-04-22 10:31:31,54.419243317,18.609623043,7.8,,
T,2022-04-22 10:31:34,54.419393772,18.609403772,8.6,,
T,2022-04-22 10:31:37,54.419536348,18.609128427,9.4,,
T,2022-04-22 10:31:42,54.419769198,18.608634062,8.2,,
T,2022-04-22 10:31:43,54.419811526,18.608535659,7.8,,
T,2022-04-22 10:31:44,54.419856705,18.608443122,7.4,,
T,2022-04-22 10:31:47,54.419983188,18.608173560,6.6,,
T,2022-04-22 10:31:48,54.420009675,18.608087394,6.6,,
T,2022-04-22 10:31:49,54.420028869,18.608002821,7.0,,
T,2022-04-22 10:31:51,54.420078406,18.607845493,7.6,,
T,2022-04-22 10:31:52,54.420115454,18.607784137,7.6,,
T,2022-04-22 10:31:54,54.420202291,18.607704341,7.2,,
T,2022-04-22 10:31:58,54.420380071,18.607406700,7.6,,
T,2022-04-22 10:32:00,54.420459364,18.607228585,7.6,,
T,2022-04-22 10:32:03,54.420560868,18.606965644,7.8,,
T,2022-04-22 10:32:04,54.420582661,18.606874449,7.4,,
T,2022-04-22 10:32:05,54.420600599,18.606793899,7.2,,
T,2022-04-22 10:32:07,54.420644855,18.606680911,7.2,,
T,2022-04-22 10:32:12,54.420780474,18.606502125,6.4,,
T,2022-04-22 10:32:15,54.420877369,18.606353598,6.0,,
T,2022-04-22 10:32:17,54.420931684,18.606256284,6.2,,
T,2022-04-22 10:32:20,54.421005780,18.606098201,6.6,,
T,2022-04-22 10:32:21,54.421034530,18.606033493,7.0,,
T,2022-04-22 10:32:22,54.421068644,18.605966857,7.4,,
T,2022-04-22 10:32:27,54.421254136,18.605549186,8.0,,
T,2022-04-22 10:32:30,54.421360251,18.605284486,8.0,,
T,2022-04-22 10:32:32,54.421441052,18.605101006,6.4,,
T,2022-04-22 10:32:33,54.421486566,18.605021965,6.2,,
T,2022-04-22 10:32:36,54.421628723,18.604804035,5.8,,
T,2022-04-22 10:32:37,54.421665017,18.604713595,5.8,,
T,2022-04-22 10:32:41,54.421806084,18.604353089,5.4,,
T,2022-04-22 10:32:44,54.421945140,18.604080845,6.4,,
T,2022-04-22 10:32:52,54.422258623,18.603314403,7.6,,
T,2022-04-22 10:32:57,54.422418550,18.602933781,7.0,,
T,2022-04-22 10:33:01,54.422489796,18.602767820,6.8,,
T,2022-04-22 10:33:05,54.422587445,18.602516279,5.2,,
T,2022-04-22 10:33:08,54.422707725,18.602289045,4.4,,
T,2022-04-22 10:33:09,54.422742175,18.602228779,4.0,,
T,2022-04-22 10:33:10,54.422785342,18.602122245,3.8,,
T,2022-04-22 10:33:15,54.422974102,18.601696277,4.0,,
T,2022-04-22 10:33:16,54.423019364,18.601622852,4.0,,
T,2022-04-22 10:33:19,54.423191110,18.601462673,5.0,,
T,2022-04-22 10:33:24,54.423465282,18.601110717,5.6,,
T,2022-04-22 10:33:26,54.423548933,18.600965710,5.4,,
T,2022-04-22 10:33:30,54.423726127,18.600640073,4.0,,
T,2022-04-22 10:33:33,54.423846994,18.600376546,4.0,,
T,2022-04-22 10:33:37,54.424015973,18.600023249,4.4,,
T,2022-04-22 10:33:39,54.424093589,18.599826694,4.0,,
T,2022-04-22 10:33:42,54.424207248,18.599529220,4.0,,
T,2022-04-22 10:33:45,54.424331468,18.599254880,4.6,,
T,2022-04-22 10:33:52,54.424635060,18.598652808,6.0,,
T,2022-04-22 10:33:57,54.424792137,18.598164059,7.8,,
T,2022-04-22 10:33:59,54.424832454,18.597981082,8.4,,
T,2022-04-22 10:34:01,54.424832454,18.597784694,8.6,,
T,2022-04-22 10:34:04,54.424789120,18.597479677,9.6,,
T,2022-04-22 10:34:06,54.424751317,18.597265687,8.8,,
T,2022-04-22 10:34:08,54.424746791,18.597039124,8.0,,
T,2022-04-22 10:34:10,54.424721813,18.596791271,8.0,,
T,2022-04-22 10:34:12,54.424699014,18.596540904,8.6,,
T,2022-04-22 10:34:14,54.424723824,18.596306210,9.4,,
T,2022-04-22 10:34:19,54.424840165,18.595782761,9.8,,
T,2022-04-22 10:34:20,54.424865898,18.595675221,9.4,,
T,2022-04-22 10:34:22,54.424908562,18.595479922,8.8,,
T,2022-04-22 10:34:23,54.424938317,18.595366599,8.4,,
T,2022-04-22 10:34:25,54.425011910,18.595186640,7.8,,
T,2022-04-22 10:34:28,54.425150044,18.594912635,7.4,,
T,2022-04-22 10:34:29,54.425203186,18.594830073,7.8,,
T,2022-04-22 10:34:34,54.425462438,18.594415924,9.2,,
T,2022-04-22 10:34:35,54.425524548,18.594341744,9.0,,
T,2022-04-22 10:34:36,54.425589843,18.594279215,8.8,,
T,2022-04-22 10:34:41,54.425891675,18.594004204,8.6,,
T,2022-04-22 10:34:43,54.426025115,18.593881829,10.2,,
T,2022-04-22 10:34:46,54.426197195,18.593789125,11.0,,
T,2022-04-22 10:34:51,54.426437169,18.593735145,11.6,,
T,2022-04-22 10:34:54,54.426583601,18.593805302,10.6,,
T,2022-04-22 10:34:55,54.426633222,18.593822401,10.4,,
T,2022-04-22 10:34:59,54.426885266,18.593948968,8.2,,
T,2022-04-22 10:35:00,54.426940419,18.593998756,7.8,,
T,2022-04-22 10:35:06,54.427216016,18.594373511,6.0,,
T,2022-04-22 10:35:08,54.427296733,18.594511813,5.8,,
T,2022-04-22 10:35:10,54.427378289,18.594574761,5.6,,
T,2022-04-22 10:35:12,54.427450625,18.594506113,5.8,,
T,2022-04-22 10:35:13,54.427498402,18.594449954,5.8,,
T,2022-04-22 10:35:14,54.427530589,18.594410727,5.6,,
T,2022-04-22 10:35:16,54.427608876,18.594282651,5.2,,
T,2022-04-22 10:35:17,54.427646343,18.594204281,5.4,,
T,2022-04-22 10:35:19,54.427724294,18.594046030,5.6,,
T,2022-04-22 10:35:22,54.427876007,18.593831789,5.2,,
T,2022-04-22 10:35:23,54.427925460,18.593761716,5.0,,
T,2022-04-22 10:35:27,54.428105252,18.593463404,4.4,,
T,2022-04-22 10:35:33,54.428387051,18.593007177,4.0,,
T,2022-04-22 10:35:39,54.428682514,18.592540054,5.2,,
T,2022-04-22 10:35:45,54.428937826,18.592104111,5.2,,
T,2022-04-22 10:35:48,54.429084426,18.591877464,5.0,,
T,2022-04-22 10:35:50,54.429178638,18.591734553,4.8,,
T,2022-04-22 10:35:53,54.429317443,18.591494244,4.0,,
T,2022-04-22 10:35:54,54.429367399,18.591417717,4.0,,
T,2022-04-22 10:35:58,54.429558171,18.591081267,3.6,,
T,2022-04-22 10:36:02,54.429753218,18.590732832,4.0,,
T,2022-04-22 10:36:08,54.430028312,18.590221703,5.2,,
T,2022-04-22 10:36:09,54.430076173,18.590145931,5.2,,
T,2022-04-22 10:36:14,54.430311704,18.589750137,5.2,,
T,2022-04-22 10:36:22,54.430703055,18.589098612,4.2,,
T,2022-04-22 10:36:25,54.430846553,18.588832570,4.2,,
T,2022-04-22 10:36:27,54.430935737,18.588691251,4.6,,
T,2022-04-22 10:36:32,54.431197336,18.588329153,4.8,,
T,2022-04-22 10:36:34,54.431312084,18.588236952,4.6,,
T,2022-04-22 10:36:40,54.431666723,18.588009048,4.2,,
T,2022-04-22 10:36:41,54.431728162,18.587965462,3.8,,
T,2022-04-22 10:36:47,54.432002166,18.587666061,3.4,,
T,2022-04-22 10:36:49,54.432120351,18.587559024,3.2,,
T,2022-04-22 10:36:53,54.432318918,18.587294659,2.4,,
T,2022-04-22 10:36:58,54.432543637,18.586945804,1.2,,
T,2022-04-22 10:37:01,54.432674479,18.586734161,2.2,,
T,2022-04-22 10:37:03,54.432751173,18.586625364,2.0,,
T,2022-04-22 10:37:04,54.432777660,18.586565517,1.8,,
T,2022-04-22 10:37:05,54.432807583,18.586501814,1.6,,
T,2022-04-22 10:37:08,54.432919649,18.586338283,1.6,,
T,2022-04-22 10:37:12,54.433078906,18.586081881,3.4,,
T,2022-04-22 10:37:15,54.433209915,18.585876189,3.2,,
T,2022-04-22 10:37:16,54.433250735,18.585803518,3.2,,
T,2022-04-22 10:37:21,54.433441507,18.585442007,5.0,,
T,2022-04-22 10:37:30,54.433851046,18.584772795,6.0,,
T,2022-04-22 10:37:32,54.433931261,18.584643546,6.0,,
T,2022-04-22 10:37:36,54.434157237,18.584314976,5.8,,
T,2022-04-22 10:37:44,54.434631234,18.583709551,6.2,,
T,2022-04-22 10:37:45,54.434692087,18.583626151,6.0,,
T,2022-04-22 10:37:50,54.434926612,18.583266651,5.4,,
T,2022-04-22 10:37:56,54.435200952,18.582843784,6.0,,
T,2022-04-22 10:37:59,54.435365489,18.582616551,6.0,,
T,2022-04-22 10:38:01,54.435453583,18.582482692,5.4,,
T,2022-04-22 10:38:02,54.435500437,18.582414966,5.2,,
T,2022-04-22 10:38:03,54.435558608,18.582330644,5.0,,
T,2022-04-22 10:38:04,54.435607474,18.582256716,5.0,,
T,2022-04-22 10:38:12,54.435981056,18.581688339,6.2,,
T,2022-04-22 10:38:13,54.436030760,18.581617596,6.4,,
T,2022-04-22 10:38:20,54.436324630,18.581101773,5.8,,
T,2022-04-22 10:38:26,54.436585642,18.580606822,3.8,,
T,2022-04-22 10:38:32,54.436859898,18.580195187,4.0,,
T,2022-04-22 10:38:34,54.436954949,18.580071554,6.0,,
T,2022-04-22 10:38:41,54.437270947,18.579601916,6.6,,
T,2022-04-22 10:38:45,54.437466916,18.579306705,8.0,,
T,2022-04-22 10:38:51,54.437744943,18.578862883,8.0,,
T,2022-04-22 10:38:52,54.437797330,18.578805383,8.0,,
T,2022-04-22 10:38:54,54.437923813,18.578731120,7.6,,
T,2022-04-22 10:38:55,54.437962370,18.578720978,7.2,,
T,2022-04-22 10:38:58,54.438140737,18.578683762,4.8,,
T,2022-04-22 10:38:59,54.438205780,18.578661215,4.8,,
T,2022-04-22 10:39:01,54.438328827,18.578579491,5.0,,
T,2022-04-22 10:39:02,54.438383142,18.578520315,4.4,,
T,2022-04-22 10:39:04,54.438494705,18.578399615,5.6,,
T,2022-04-22 10:39:10,54.438821850,18.578016311,6.6,,
T,2022-04-22 10:39:17,54.439214040,18.577555642,5.0,,
T,2022-04-22 10:39:21,54.439426102,18.577311309,3.8,,
T,2022-04-22 10:39:26,54.439683761,18.577010147,4.0,,
T,2022-04-22 10:39:33,54.440051895,18.576578815,4.8,,
T,2022-04-22 10:39:34,54.440096067,18.576528439,5.2,,
T,2022-04-22 10:39:43,54.440570902,18.575980514,4.6,,
T,2022-04-22 10:39:44,54.440621110,18.575917901,4.8,,
T,2022-04-22 10:39:51,54.441029141,18.575486317,5.2,,
T,2022-04-22 10:39:58,54.441416804,18.575053392,5.0,,
T,2022-04-22 10:39:59,54.441468688,18.575005699,5.4,,
T,2022-04-22 10:40:01,54.441552004,18.574928250,5.6,,
T,2022-04-22 10:40:02,54.441587795,18.574888185,5.8,,
T,2022-04-22 10:40:04,54.441657867,18.574808976,5.8,,
T,2022-04-22 10:40:08,54.441764066,18.574661203,5.6,,
T,2022-04-22 10:40:10,54.441815363,18.574591633,5.6,,
T,2022-04-22 10:40:12,54.441867163,18.574531870,5.8,,
T,2022-04-22 10:40:13,54.441885604,18.574516112,5.8,,
T,2022-04-22 10:40:18,54.441956263,18.574462719,6.0,,
T,2022-04-22 10:40:20,54.441995993,18.574446039,6.0,,
T,2022-04-22 10:40:23,54.442058103,18.574344702,6.0,,
T,2022-04-22 10:40:25,54.442120967,18.574273372,5.6,,
T,2022-04-22 10:40:30,54.442268740,18.574098358,5.0,,
T,2022-04-22 10:40:34,54.442391954,18.573953435,5.2,,
T,2022-04-22 10:40:38,54.442662271,18.573666941,5.8,,
T,2022-04-22 10:40:45,54.443035517,18.573280284,6.2,,
T,2022-04-22 10:40:51,54.443357214,18.572910223,5.8,,
T,2022-04-22 10:40:57,54.443686623,18.572506718,5.8,,
T,2022-04-22 10:41:00,54.443831211,18.572349055,6.4,,
T,2022-04-22 10:41:03,54.444008907,18.572202874,6.4,,
T,2022-04-22 10:41:12,54.444499500,18.571698032,6.0,,
T,2022-04-22 10:41:13,54.444555743,18.571643634,6.2,,
T,2022-04-22 10:41:20,54.444944914,18.571237866,6.0,,
T,2022-04-22 10:41:26,54.445250435,18.570930921,6.0,,
T,2022-04-22 10:41:32,54.445491834,18.570700670,5.2,,
T,2022-04-22 10:41:39,54.445734909,18.570520543,4.4,,
T,2022-04-22 10:41:45,54.445944037,18.570344355,5.0,,
T,2022-04-22 10:41:49,54.446094660,18.570236899,6.0,,
T,2022-04-22 10:41:51,54.446158698,18.570149308,6.0,,
T,2022-04-22 10:41:52,54.446190717,18.570103962,6.0,,
T,2022-04-22 10:41:56,54.446333628,18.569984017,6.0,,
T,2022-04-22 10:42:03,54.446607884,18.569796514,5.0,,
T,2022-04-22 10:42:09,54.446876692,18.569554780,6.2,,
T,2022-04-22 10:42:12,54.447049526,18.569424776,7.0,,
T,2022-04-22 10:42:14,54.447168466,18.569389405,7.0,,
T,2022-04-22 10:42:17,54.447339959,18.569289325,7.4,,
T,2022-04-22 10:42:18,54.447400142,18.569275076,7.4,,
T,2022-04-22 10:42:19,54.447451606,18.569279267,7.2,,
T,2022-04-22 10:42:21,54.447594183,18.569273818,7.6,,
T,2022-04-22 10:42:22,54.447657214,18.569236351,7.4,,
T,2022-04-22 10:42:24,54.447769448,18.569138367,7.0,,
T,2022-04-22 10:42:26,54.447851675,18.568989504,7.0,,
T,2022-04-22 10:42:28,54.447919317,18.568821028,6.4,,
T,2022-04-22 10:42:30,54.447998358,18.568698233,5.6,,
T,2022-04-22 10:42:32,54.448056864,18.568577785,5.2,,
T,2022-04-22 10:42:33,54.448064743,18.568507042,5.6,,
T,2022-04-22 10:42:38,54.448101455,18.568221973,6.6,,
T,2022-04-22 10:42:41,54.448224669,18.568111416,7.6,,
T,2022-04-22 10:42:42,54.448273452,18.568079900,7.8,,
T,2022-04-22 10:42:48,54.448623229,18.567762226,7.2,,
T,2022-04-22 10:42:51,54.448783658,18.567641275,7.4,,
T,2022-04-22 10:42:54,54.448972084,18.567488892,8.2,,
T,2022-04-22 10:43:02,54.449478267,18.567088321,9.0,,
T,2022-04-22 10:43:08,54.449855536,18.566780873,8.6,,
T,2022-04-22 10:43:17,54.450363899,18.566318192,6.6,,
T,2022-04-22 10:43:18,54.450402036,18.566277623,6.6,,
T,2022-04-22 10:43:27,54.450898496,18.565820726,4.8,,
T,2022-04-22 10:43:33,54.451225139,18.565531634,4.0,,
T,2022-04-22 10:43:35,54.451349108,18.565441025,4.4,,
T,2022-04-22 10:43:41,54.451710451,18.565141372,5.0,,
T,2022-04-22 10:43:45,54.451950593,18.564932831,4.0,,
T,2022-04-22 10:43:47,54.452066682,18.564825458,3.6,,
T,2022-04-22 10:43:50,54.452241445,18.564672573,3.8,,
T,2022-04-22 10:43:57,54.452631203,18.564316509,5.0,,
T,2022-04-22 10:43:59,54.452683004,18.564202096,5.8,,
T,2022-04-22 10:44:00,54.452702953,18.564125821,6.2,,
T,2022-04-22 10:44:01,54.452732541,18.564047283,6.4,,
T,2022-04-22 10:44:03,54.452816108,18.563926583,6.8,,
T,2022-04-22 10:44:05,54.452903867,18.563857097,7.0,,
T,2022-04-22 10:44:09,54.453122383,18.563698428,7.4,,
T,2022-04-22 10:44:15,54.453484230,18.563466417,10.6,,
T,2022-04-22 10:44:18,54.453656143,18.563313950,10.8,,
T,2022-04-22 10:44:20,54.453723114,18.563148743,10.6,,
T,2022-04-22 10:44:27,54.453885555,18.562434269,10.2,,
T,2022-04-22 10:44:29,54.453888321,18.562253807,11.0,,
T,2022-04-22 10:44:31,54.453886561,18.562082984,11.6,,
T,2022-04-22 10:44:36,54.453931153,18.561622482,13.0,,
T,2022-04-22 10:44:37,54.453942720,18.561514858,13.4,,
T,2022-04-22 10:44:41,54.453969710,18.561216630,14.4,,
T,2022-04-22 10:44:46,54.453987731,18.560884204,15.2,,
T,2022-04-22 10:44:51,54.453972979,18.560582455,16.4,,
T,2022-04-22 10:44:55,54.454039363,18.560355557,17.4,,
T,2022-04-22 10:45:01,54.454246899,18.560149698,19.2,,
T,2022-04-22 10:45:09,54.454563400,18.559958674,19.8,,
T,2022-04-22 10:45:18,54.454967240,18.559665978,18.8,,
T,2022-04-22 10:45:19,54.455001103,18.559635468,18.6,,
T,2022-04-22 10:45:22,54.455149379,18.559520049,18.6,,
T,2022-04-22 10:45:23,54.455187935,18.559496328,18.8,,
T,2022-04-22 10:45:28,54.455410140,18.559372695,19.0,,
T,2022-04-22 10:45:31,54.455562271,18.559309077,19.0,,
T,2022-04-22 10:45:38,54.455894781,18.559145462,19.2,,
T,2022-04-22 10:45:40,54.455974242,18.559106905,19.2,,
T,2022-04-22 10:45:42,54.456059905,18.559067510,19.8,,
T,2022-04-22 10:45:44,54.456121596,18.558964077,20.2,,
T,2022-04-22 10:45:45,54.456147412,18.558904314,20.6,,
T,2022-04-22 10:45:48,54.456242127,18.558745058,21.6,,
T,2022-04-22 10:45:49,54.456262831,18.558699209,21.8,,
T,2022-04-22 10:45:51,54.456316810,18.558577504,22.4,,
T,2022-04-22 10:45:52,54.456348242,18.558499720,23.0,,
T,2022-04-22 10:45:56,54.456437090,18.558247173,24.6,,
T,2022-04-22 10:45:58,54.456484364,18.558107028,25.2,,
T,2022-04-22 10:46:00,54.456520490,18.557979288,25.2,,
T,2022-04-22 10:46:02,54.456560304,18.557832772,25.2,,
T,2022-04-22 10:46:03,54.456587546,18.557753814,25.2,,
T,2022-04-22 10:46:06,54.456640352,18.557565808,24.2,,
T,2022-04-22 10:46:09,54.456698438,18.557341425,24.0,,
T,2022-04-22 10:46:10,54.456716878,18.557268502,23.8,,
T,2022-04-22 10:46:21,54.457007647,18.556514131,24.4,,
T,2022-04-22 10:46:23,54.457062129,18.556385469,25.4,,
T,2022-04-22 10:46:26,54.457106972,18.556166533,26.6,,
T,2022-04-22 10:46:30,54.457111666,18.555926559,27.0,,
T,2022-04-22 10:46:31,54.457125748,18.555876100,27.0,,
T,2022-04-22 10:46:33,54.457186433,18.555828743,27.8,,
T,2022-04-22 10:46:36,54.457303360,18.555761604,29.0,,
T,2022-04-22 10:46:40,54.457476614,18.555679629,30.8,,
T,2022-04-22 10:46:41,54.457519781,18.555662110,31.4,,
T,2022-04-22 10:46:47,54.457805939,18.555557756,34.2,,
T,2022-04-22 10:46:48,54.457855141,18.555541160,34.6,,
T,2022-04-22 10:46:51,54.458002830,18.555484330,35.6,,
T,2022-04-22 10:46:52,54.458058570,18.555467064,35.6,,
T,2022-04-22 10:46:53,54.458117243,18.555438649,35.8,,
T,2022-04-22 10:46:55,54.458206343,18.555403445,36.0,,
T,2022-04-22 10:46:59,54.458405999,18.555311495,35.8,,
T,2022-04-22 10:47:01,54.458510522,18.555282326,35.2,,
T,2022-04-22 10:47:03,54.458611105,18.555261539,34.8,,
T,2022-04-22 10:47:05,54.458705317,18.555225749,34.4,,
T,2022-04-22 10:47:08,54.458831549,18.555131201,33.6,,
T,2022-04-22 10:47:11,54.458964486,18.555069426,33.2,,
T,2022-04-22 10:47:13,54.459050568,18.554981248,33.0,,
T,2022-04-22 10:47:15,54.459133297,18.554901201,33.0,,
T,2022-04-22 10:47:18,54.459288446,18.554819813,33.2,,
T,2022-04-22 10:47:19,54.459335804,18.554806318,33.2,,
T,2022-04-22 10:47:23,54.459519032,18.554752339,33.4,,
T,2022-04-22 10:47:24,54.459557254,18.554731803,33.4,,
T,2022-04-22 10:47:27,54.459674936,18.554605236,33.8,,
T,2022-04-22 10:47:31,54.459894123,18.554477915,34.0,,
T,2022-04-22 10:47:34,54.460063856,18.554370459,34.0,,
T,2022-04-22 10:47:38,54.460302740,18.554290831,33.8,,
T,2022-04-22 10:47:43,54.460612703,18.554188404,32.8,,
T,2022-04-22 10:47:46,54.460729631,18.554159906,32.4,,
T,2022-04-22 10:47:51,54.461080916,18.554081451,32.0,,
T,2022-04-22 10:47:53,54.461207315,18.554069633,31.6,,
T,2022-04-22 10:47:58,54.461572599,18.554061418,31.4,,
T,2022-04-22 10:48:03,54.461948024,18.554048091,31.4,,
T,2022-04-22 10:48:04,54.462028323,18.554049097,31.2,,
T,2022-04-22 10:48:10,54.462478096,18.554064687,29.4,,
T,2022-04-22 10:48:13,54.462697282,18.554072483,29.4,,
T,2022-04-22 10:48:17,54.462987296,18.554122439,30.0,,
T,2022-04-22 10:48:25,54.463564977,18.554278929,31.4,,
T,2022-04-22 10:48:28,54.463790366,18.554382529,31.0,,
T,2022-04-22 10:48:30,54.463906959,18.554437179,31.0,,
T,2022-04-22 10:48:34,54.464178532,18.554549916,31.0,,
T,2022-04-22 10:48:35,54.464231087,18.554565171,30.8,,
T,2022-04-22 10:48:43,54.464772306,18.554786034,28.8,,
T,2022-04-22 10:48:45,54.464900801,18.554836158,29.0,,
T,2022-04-22 10:48:52,54.465396004,18.555051237,28.8,,
T,2022-04-22 10:48:54,54.465536568,18.555111000,28.6,,
T,2022-04-22 10:49:02,54.466084074,18.555333456,29.8,,
T,2022-04-22 10:49:05,54.466278115,18.555414760,30.4,,
T,2022-04-22 10:49:06,54.466345673,18.555448540,30.6,,
T,2022-04-22 10:49:08,54.466480957,18.555506039,30.8,,
T,2022-04-22 10:49:11,54.466688158,18.555583321,31.0,,
T,2022-04-22 10:49:18,54.467164250,18.555673426,30.6,,
T,2022-04-22 10:49:27,54.467759030,18.555774596,31.0,,
T,2022-04-22 10:49:34,54.468179047,18.555842070,31.0,,
T,2022-04-22 10:49:42,54.468635106,18.555902168,34.2,,
T,2022-04-22 10:49:52,54.469221001,18.555982132,38.0,,
T,2022-04-22 10:49:54,54.469343629,18.555974336,38.0,,
T,2022-04-22 10:49:58,54.469549237,18.555961680,38.0,,
T,2022-04-22 10:50:01,54.469717378,18.555937959,38.6,,
T,2022-04-22 10:50:04,54.469890380,18.555915831,39.4,,
T,2022-04-22 10:50:08,54.470116943,18.555844249,40.0,,
T,2022-04-22 10:50:13,54.470405700,18.555758670,40.4,,
T,2022-04-22 10:50:16,54.470590521,18.555685161,40.0,,
T,2022-04-22 10:50:22,54.470963767,18.555493802,40.8,,
T,2022-04-22 10:50:23,54.471034845,18.555457508,40.8,,
T,2022-04-22 10:50:27,54.471319579,18.555288780,39.2,,
T,2022-04-22 10:50:33,54.471743535,18.555020392,35.2,,
T,2022-04-22 10:50:41,54.472319707,18.554730797,29.6,,
T,2022-04-22 10:50:42,54.472376872,18.554703556,29.4,,
T,2022-04-22 10:50:45,54.472606955,18.554589814,28.6,,
T,2022-04-22 10:50:49,54.472856568,18.554456960,27.0,,
T,2022-04-22 10:50:50,54.472932927,18.554409519,27.0,,
T,2022-04-22 10:50:56,54.473278094,18.554189494,28.6,,
T,2022-04-22 10:51:02,54.473614208,18.554003080,30.0,,
T,2022-04-22 10:51:11,54.474157188,18.553747684,29.4,,
T,2022-04-22 10:51:16,54.474468576,18.553688424,28.2,,
T,2022-04-22 10:51:20,54.474724894,18.553632349,29.0,,
T,2022-04-22 10:51:28,54.475266617,18.553549284,28.0,,
T,2022-04-22 10:51:29,54.475337444,18.553540232,28.0,,
T,2022-04-22 10:51:36,54.475791156,18.553464878,27.6,,
T,2022-04-22 10:51:39,54.475992993,18.553445516,26.8,,
T,2022-04-22 10:51:42,54.476189213,18.553417688,26.0,,
T,2022-04-22 10:51:46,54.476387529,18.553402098,26.0,,
T,2022-04-22 10:51:49,54.476423068,18.553402936,26.2,,
T,2022-04-22 10:51:50,54.476423068,18.553402936,26.2,,
T,2022-04-22 10:52:12,54.476454835,18.553405199,26.2,,
T,2022-04-22 10:52:14,54.476529853,18.553407714,26.6,,
T,2022-04-22 10:52:18,54.476703443,18.553383658,27.0,,
T,2022-04-22 10:52:20,54.476797320,18.553312998,26.8,,
T,2022-04-22 10:52:22,54.476893712,18.553255331,26.6,,
T,2022-04-22 10:52:23,54.476935957,18.553245356,26.6,,
T,2022-04-22 10:52:27,54.477051040,18.553228425,27.0,,
T,2022-04-22 10:52:31,54.477188420,18.553208057,27.4,,
T,2022-04-22 10:52:32,54.477238460,18.553207051,27.4,,
T,2022-04-22 10:52:34,54.477343317,18.553233035,27.6,,
T,2022-04-22 10:52:35,54.477398051,18.553240076,27.6,,
T,2022-04-22 10:52:41,54.477777416,18.553249799,26.6,,
T,2022-04-22 10:52:47,54.478164408,18.553235298,26.8,,
T,2022-04-22 10:52:53,54.478562549,18.553182492,26.4,,
T,2022-04-22 10:52:58,54.478825657,18.553065900,24.4,,
T,2022-04-22 10:53:00,54.478932694,18.553008651,23.6,,
T,2022-04-22 10:53:03,54.479106786,18.552928101,22.8,,
T,2022-04-22 10:53:07,54.479320860,18.552807905,22.4,,
T,2022-04-22 10:53:09,54.479409205,18.552802373,22.2,,
T,2022-04-22 10:53:10,54.479453377,18.552794578,22.0,,
T,2022-04-22 10:53:13,54.479598971,18.552689049,22.6,,
T,2022-04-22 10:53:20,54.479947658,18.552490482,23.8,,
T,2022-04-22 10:53:26,54.480292154,18.552290741,24.8,,
T,2022-04-22 10:53:32,54.480667915,18.552026460,24.6,,
T,2022-04-22 10:53:34,54.480793895,18.551955717,24.2,,
T,2022-04-22 10:53:42,54.481314914,18.551652208,25.0,,
T,2022-04-22 10:53:50,54.481802573,18.551258175,24.4,,
T,2022-04-22 10:53:51,54.481859654,18.551200591,24.2,,
T,2022-04-22 10:53:52,54.481915897,18.551141750,24.0,,
T,2022-04-22 10:53:57,54.482185291,18.550805720,23.2,,
T,2022-04-22 10:54:01,54.482388468,18.550514029,22.4,,
T,2022-04-22 10:54:04,54.482517550,18.550267434,22.0,,
T,2022-04-22 10:54:06,54.482588628,18.550087139,22.4,,
T,2022-04-22 10:54:09,54.482699437,18.549870970,23.0,,
T,2022-04-22 10:54:11,54.482760457,18.549741302,23.0,,
T,2022-04-22 10:54:13,54.482795997,18.549653795,23.0,,
T,2022-04-22 10:54:17,54.482795158,18.549603419,23.0,,
T,2022-04-22 10:54:18,54.482795158,18.549603419,23.0,,
T,2022-04-22 10:54:37,54.482768923,18.549568048,23.0,,
T,2022-04-22 10:54:38,54.482740257,18.549531586,23.0,,
T,2022-04-22 10:54:39,54.482713854,18.549494790,23.0,,
T,2022-04-22 10:54:40,54.482683679,18.549448941,23.0,,
T,2022-04-22 10:54:41,54.482660042,18.549376354,23.0,,
T,2022-04-22 10:54:42,54.482660880,18.549311813,23.0,,
T,2022-04-22 10:54:46,54.482769258,18.549091117,23.4,,
T,2022-04-22 10:54:52,54.482995737,18.548639501,26.0,,
T,2022-04-22 10:54:57,54.483192377,18.548235996,26.6,,
T,2022-04-22 10:54:59,54.483259181,18.548090821,26.0,,
T,2022-04-22 10:55:09,54.483680790,18.547359752,25.8,,
T,2022-04-22 10:55:17,54.484029394,18.546814509,24.6,,
T,2022-04-22 10:55:23,54.484253358,18.546440341,25.2,,
T,2022-04-22 10:55:25,54.484327538,18.546332968,24.8,,
T,2022-04-22 10:55:28,54.484460726,18.546162564,24.2,,
T,2022-04-22 10:55:29,54.484513700,18.546095090,24.2,,
T,2022-04-22 10:55:34,54.484732216,18.545848411,25.0,,
T,2022-04-22 10:55:36,54.484819137,18.545756880,25.0,,
T,2022-04-22 10:55:42,54.485137481,18.545514392,25.4,,
T,2022-04-22 10:55:48,54.485506956,18.545269556,25.2,,
T,2022-04-22 10:55:49,54.485559678,18.545241393,25.2,,
T,2022-04-22 10:55:55,54.485975252,18.545002928,26.0,,
T,2022-04-22 10:55:56,54.486038284,18.544962527,26.2,,
T,2022-04-22 10:56:03,54.486442041,18.544667903,25.8,,
T,2022-04-22 10:56:10,54.486822328,18.544279234,24.4,,
T,2022-04-22 10:56:11,54.486869685,18.544209329,24.2,,
T,2022-04-22 10:56:16,54.487111922,18.543959800,24.6,,
T,2022-04-22 10:56:24,54.487560187,18.543665344,26.4,,
T,2022-04-22 10:56:34,54.488109034,18.543304168,28.0,,
T,2022-04-22 10:56:35,54.488160834,18.543266365,28.2,,
T,2022-04-22 10:56:43,54.488542043,18.543004096,30.2,,
T,2022-04-22 10:56:48,54.488753015,18.542843917,31.6,,
T,2022-04-22 10:56:51,54.488876732,18.542753980,32.0,,
T,2022-04-22 10:56:52,54.488920402,18.542727241,32.2,,
T,2022-04-22 10:57:00,54.489276381,18.542508893,33.4,,
T,2022-04-22 10:57:07,54.489593888,18.542293226,34.6,,
T,2022-04-22 10:57:15,54.489928577,18.542072531,36.6,,
T,2022-04-22 10:57:17,54.490012312,18.542016707,37.2,,
T,2022-04-22 10:57:21,54.490167210,18.541915035,37.4,,
T,2022-04-22 10:57:32,54.490598375,18.541629715,39.0,,
T,2022-04-22 10:57:34,54.490682529,18.541572550,39.0,,
T,2022-04-22 10:57:36,54.490772802,18.541529216,39.2,,
T,2022-04-22 10:57:39,54.490907583,18.541448414,39.2,,
T,2022-04-22 10:57:48,54.491329696,18.541157981,40.8,,
T,2022-04-22 10:57:55,54.491656590,18.540888419,41.2,,
T,2022-04-22 10:57:58,54.491798747,18.540746095,40.6,,
T,2022-04-22 10:58:05,54.492130000,18.540486088,39.6,,
T,2022-04-22 10:58:09,54.492250867,18.540348206,39.4,,
T,2022-04-22 10:58:13,54.492275007,18.540326748,39.6,,
T,2022-04-22 10:58:36,54.492297638,18.540306799,39.6,,
T,2022-04-22 10:58:38,54.492346002,18.540244019,40.0,,
T,2022-04-22 10:58:40,54.492365783,18.540142849,40.0,,
T,2022-04-22 10:58:42,54.492341559,18.540016953,39.8,,
T,2022-04-22 10:58:47,54.492239971,18.539640354,39.4,,
T,2022-04-22 10:58:53,54.492134107,18.539087316,39.4,,
T,2022-04-22 10:59:02,54.491988933,18.538223980,38.2,,
T,2022-04-22 10:59:04,54.491954567,18.538020300,37.8,,
T,2022-04-22 10:59:07,54.491913915,18.537731124,37.2,,
T,2022-04-22 10:59:09,54.491884829,18.537541861,37.6,,
T,2022-04-22 10:59:11,54.491855744,18.537350670,38.0,,
T,2022-04-22 10:59:14,54.491810901,18.537042970,38.2,,
T,2022-04-22 10:59:18,54.491746696,18.536584312,39.0,,
T,2022-04-22 10:59:25,54.491628511,18.535767412,39.2,,
T,2022-04-22 10:59:29,54.491644101,18.535407828,40.0,,
T,2022-04-22 10:59:30,54.491661703,18.535331972,40.0,,
T,2022-04-22 10:59:33,54.491734626,18.535117311,40.4,,
T,2022-04-22 10:59:35,54.491737643,18.534954116,40.8,,
T,2022-04-22 10:59:37,54.491697662,18.534809360,40.8,,
T,2022-04-22 10:59:38,54.491657009,18.534758566,41.0,,
T,2022-04-22 10:59:40,54.491566485,18.534673909,40.8,,
T,2022-04-22 10:59:42,54.491462884,18.534649266,40.6,,
T,2022-04-22 10:59:43,54.491412006,18.534662090,40.4,,
T,2022-04-22 10:59:45,54.491340257,18.534750687,40.0,,
T,2022-04-22 10:59:50,54.491208410,18.535193922,40.0,,
T,2022-04-22 10:59:54,54.491107240,18.535565576,40.0,,
T,2022-04-22 10:59:56,54.491059966,18.535764227,40.2,,
T,2022-04-22 11:00:03,54.490856873,18.536465457,39.8,,
T,2022-04-22 11:00:06,54.490774227,18.536746670,38.8,,
T,2022-04-22 11:00:07,54.490733994,18.536799811,38.6,,
T,2022-04-22 11:00:08,54.490683954,18.536817329,38.6,,
T,2022-04-22 11:00:10,54.490568787,18.536761003,39.0,,
T,2022-04-22 11:00:18,54.490056066,18.536422541,40.0,,
T,2022-04-22 11:00:19,54.489990519,18.536379626,40.0,,
T,2022-04-22 11:00:24,54.489646694,18.536115680,39.6,,
T,2022-04-22 11:00:27,54.489434464,18.535927339,37.6,,
T,2022-04-22 11:00:34,54.488893999,18.535493407,34.8,,
T,2022-04-22 11:00:40,54.488424696,18.535214625,32.8,,
T,2022-04-22 11:00:44,54.488147758,18.535149917,31.6,,
T,2022-04-22 11:00:48,54.487892361,18.535086382,29.8,,
T,2022-04-22 11:00:49,54.487853050,18.535043970,29.6,,
T,2022-04-22 11:00:50,54.487832012,18.534982027,29.4,,
T,2022-04-22 11:00:52,54.487834862,18.534818916,29.4,,
T,2022-04-22 11:00:56,54.487873921,18.534449609,30.8,,
T,2022-04-22 11:00:58,54.487872496,18.534248192,30.8,,
T,2022-04-22 11:01:04,54.487845339,18.533584680,32.8,,
T,2022-04-22 11:01:11,54.487711145,18.532770127,31.6,,
T,2022-04-22 11:01:18,54.487508051,18.531999411,31.0,,
T,2022-04-22 11:01:20,54.487473769,18.531760862,30.8,,
T,2022-04-22 11:01:26,54.487427836,18.531067260,32.6,,
T,2022-04-22 11:01:35,54.487399925,18.530105017,35.0,,
T,2022-04-22 11:01:36,54.487398500,18.530003177,35.2,,
T,2022-04-22 11:01:42,54.487435212,18.529440500,37.0,,
T,2022-04-22 11:01:43,54.487441331,18.529348886,37.2,,
T,2022-04-22 11:01:45,54.487448288,18.529157443,37.4,,
T,2022-04-22 11:01:48,54.487475529,18.528929539,37.6,,
T,2022-04-22 11:01:50,54.487487432,18.528774558,38.0,,
T,2022-04-22 11:01:54,54.487481816,18.528493261,37.8,,
T,2022-04-22 11:01:56,54.487475278,18.528347332,37.8,,
T,2022-04-22 11:01:57,54.487472344,18.528285138,38.0,,
T,2022-04-22 11:02:03,54.487464549,18.527919101,38.8,,
T,2022-04-22 11:02:06,54.487502351,18.527815668,39.0,,
T,2022-04-22 11:02:07,54.487531604,18.527796054,39.6,,
T,2022-04-22 11:02:12,54.487679377,18.527649706,42.8,,
T,2022-04-22 11:02:16,54.487774344,18.527448624,45.0,,
T,2022-04-22 11:02:18,54.487807872,18.527327674,45.6,,
T,2022-04-22 11:02:26,54.487885321,18.526741359,47.6,,
T,2022-04-22 11:02:33,54.487978946,18.526221849,47.6,,
T,2022-04-22 11:02:38,54.488018928,18.525848603,46.8,,
T,2022-04-22 11:02:40,54.488036362,18.525685994,46.4,,
T,2022-04-22 11:02:47,54.488102999,18.525144607,45.8,,
T,2022-04-22 11:02:49,54.488124875,18.524974622,46.0,,
T,2022-04-22 11:02:53,54.488158487,18.524624677,45.6,,
T,2022-04-22 11:02:57,54.488160666,18.524310188,46.0,,
T,2022-04-22 11:02:59,54.488143064,18.524166523,46.0,,
T,2022-04-22 11:03:02,54.488110878,18.523913389,45.4,,
T,2022-04-22 11:03:04,54.488081038,18.523701243,45.4,,
T,2022-04-22 11:03:07,54.488028819,18.523395639,45.4,,
T,2022-04-22 11:03:10,54.487989172,18.523112917,46.0,,
T,2022-04-22 11:03:13,54.487951621,18.522807900,47.0,,
T,2022-04-22 11:03:17,54.487895379,18.522407496,49.0,,
T,2022-04-22 11:03:25,54.487792365,18.521656813,51.4,,
T,2022-04-22 11:03:28,54.487760682,18.521419857,52.6,,
T,2022-04-22 11:03:29,54.487746684,18.521322962,53.0,,
T,2022-04-22 11:03:31,54.487722125,18.521160018,53.6,,
T,2022-04-22 11:03:38,54.487615842,18.520591976,53.0,,
T,2022-04-22 11:03:44,54.487534957,18.520092750,51.0,,
T,2022-04-22 11:03:45,54.487523222,18.520009853,50.8,,
T,2022-04-22 11:03:47,54.487497909,18.519838108,50.6,,
T,2022-04-22 11:03:49,54.487454658,18.519605007,49.8,,
T,2022-04-22 11:03:50,54.487434626,18.519516326,49.2,,
T,2022-04-22 11:03:51,54.487406379,18.519405518,48.4,,
T,2022-04-22 11:03:55,54.487263551,18.518909728,48.2,,
T,2022-04-22 11:04:01,54.487026511,18.518133815,47.2,,
T,2022-04-22 11:04:06,54.486815957,18.517453792,48.8,,
T,2022-04-22 11:04:12,54.486584198,18.516657846,49.4,,
T,2022-04-22 11:04:16,54.486464923,18.516198769,48.6,,
T,2022-04-22 11:04:19,54.486367358,18.515887884,48.2,,
T,2022-04-22 11:04:23,54.486221513,18.515477255,50.0,,
T,2022-04-22 11:04:28,54.486050522,18.514990183,49.8,,
T,2022-04-22 11:04:29,54.486020431,18.514882894,49.6,,
T,2022-04-22 11:04:30,54.485996207,18.514769319,49.4,,
T,2022-04-22 11:04:33,54.485947341,18.514472600,49.8,,
T,2022-04-22 11:04:35,54.485932337,18.514323067,50.0,,
T,2022-04-22 11:04:38,54.485902414,18.514084183,50.8,,
T,2022-04-22 11:04:43,54.485879363,18.513807077,52.4,,
T,2022-04-22 11:04:49,54.485841142,18.513525780,53.2,,
T,2022-04-22 11:04:52,54.485799484,18.513375744,53.2,,
T,2022-04-22 11:04:57,54.485733770,18.513071481,54.6,,
T,2022-04-22 11:04:58,54.485725975,18.512987746,54.6,,
T,2022-04-22 11:05:00,54.485712396,18.512831843,55.2,,
T,2022-04-22 11:05:02,54.485712061,18.512681723,55.8,,
T,2022-04-22 11:05:05,54.485698398,18.512483826,56.2,,
T,2022-04-22 11:05:08,54.485697979,18.512276458,57.0,,
T,2022-04-22 11:05:13,54.485736117,18.511962388,58.0,,
T,2022-04-22 11:05:19,54.485831503,18.511643372,59.0,,
T,2022-04-22 11:05:23,54.485895121,18.511464419,60.4,,
T,2022-04-22 11:05:27,54.485937115,18.511272222,61.4,,
T,2022-04-22 11:05:32,54.485983718,18.511018418,61.8,,
T,2022-04-22 11:05:39,54.486018503,18.510594210,63.0,,
T,2022-04-22 11:05:46,54.486061335,18.510171175,63.0,,
T,2022-04-22 11:05:52,54.486108022,18.509937655,63.6,,
T,2022-04-22 11:05:53,54.486116068,18.509906894,63.4,,
T,2022-04-22 11:05:57,54.486137023,18.509738334,62.6,,
T,2022-04-22 11:06:04,54.486185554,18.509423174,61.2,,
T,2022-04-22 11:06:06,54.486205587,18.509290069,60.6,,
T,2022-04-22 11:06:09,54.486256717,18.509065183,60.8,,
T,2022-04-22 11:06:11,54.486298710,18.508898802,60.4,,
T,2022-04-22 11:06:12,54.486316061,18.508831328,60.6,,
T,2022-04-22 11:06:18,54.486441035,18.508354817,59.8,,
T,2022-04-22 11:06:22,54.486533236,18.508029096,61.0,,
T,2022-04-22 11:06:25,54.486619234,18.507796833,61.4,,
T,2022-04-22 11:06:26,54.486651672,18.507722402,61.6,,
T,2022-04-22 11:06:33,54.486890137,18.507141285,62.2,,
T,2022-04-22 11:06:36,54.486985439,18.506911285,61.2,,
T,2022-04-22 11:06:40,54.487119047,18.506602580,61.4,,
T,2022-04-22 11:06:42,54.487190461,18.506429661,61.6,,
T,2022-04-22 11:06:45,54.487272603,18.506221874,61.6,,
T,2022-04-22 11:06:52,54.487524815,18.505643271,63.2,,
T,2022-04-22 11:06:59,54.487789180,18.505069613,62.8,,
T,2022-04-22 11:07:04,54.487974839,18.504641969,65.8,,
T,2022-04-22 11:07:07,54.488089168,18.504395038,66.0,,
T,2022-04-22 11:07:11,54.488227386,18.504052721,68.2,,
T,2022-04-22 11:07:14,54.488302488,18.503790535,67.2,,
T,2022-04-22 11:07:20,54.488420840,18.503278652,68.0,,
T,2022-04-22 11:07:22,54.488459313,18.503092825,68.4,,
T,2022-04-22 11:07:23,54.488480687,18.503001463,69.0,,
T,2022-04-22 11:07:26,54.488563752,18.502738439,68.6,,
T,2022-04-22 11:07:31,54.488680931,18.502316158,69.2,,
T,2022-04-22 11:07:33,54.488744130,18.502168050,69.0,,
T,2022-04-22 11:07:37,54.488857454,18.501876025,68.8,,
T,2022-04-22 11:07:38,54.488888467,18.501805281,68.6,,
T,2022-04-22 11:07:41,54.488980081,18.501600344,69.0,,
T,2022-04-22 11:07:44,54.489038587,18.501407057,69.2,,
T,2022-04-22 11:07:48,54.489097679,18.501214357,69.2,,
T,2022-04-22 11:07:49,54.489101283,18.501169682,69.0,,
T,2022-04-22 11:07:51,54.489108073,18.501082258,69.0,,
T,2022-04-22 11:07:57,54.489186276,18.500867346,69.4,,
T,2022-04-22 11:08:02,54.489271687,18.500602813,71.0,,
T,2022-04-22 11:08:05,54.489340000,18.500414640,72.0,,
T,2022-04-22 11:08:07,54.489381909,18.500276338,72.2,,
T,2022-04-22 11:08:12,54.489480564,18.499866044,75.4,,
T,2022-04-22 11:08:14,54.489513421,18.499681223,76.4,,
T,2022-04-22 11:08:16,54.489559941,18.499522638,77.6,,
T,2022-04-22 11:08:17,54.489582237,18.499448206,78.0,,
T,2022-04-22 11:08:18,54.489598414,18.499362627,78.2,,
T,2022-04-22 11:08:22,54.489642251,18.499009246,78.0,,
T,2022-04-22 11:08:26,54.489694471,18.498643795,77.6,,
T,2022-04-22 11:08:29,54.489691453,18.498350680,76.6,,
T,2022-04-22 11:08:32,54.489696901,18.498062929,76.6,,
T,2022-04-22 11:08:35,54.489684245,18.497744920,75.8,,
T,2022-04-22 11:08:40,54.489656584,18.497303864,76.0,,
T,2022-04-22 11:08:45,54.489659769,18.496880494,76.4,,
T,2022-04-22 11:08:48,54.489661446,18.496617805,77.4,,
T,2022-04-22 11:08:50,54.489664547,18.496442707,78.0,,
T,2022-04-22 11:08:53,54.489665218,18.496199884,79.0,,
T,2022-04-22 11:08:55,54.489646945,18.496072227,79.4,,
T,2022-04-22 11:08:56,54.489624230,18.495982541,79.4,,
T,2022-04-22 11:08:57,54.489591541,18.495900314,79.4,,
T,2022-04-22 11:09:00,54.489531191,18.495671321,79.6,,
T,2022-04-22 11:09:01,54.489530940,18.495602170,79.8,,
T,2022-04-22 11:09:02,54.489510823,18.495510388,80.0,,
T,2022-04-22 11:09:05,54.489437481,18.495271504,80.0,,
T,2022-04-22 11:09:06,54.489413509,18.495171089,80.2,,
T,2022-04-22 11:09:08,54.489382077,18.495009318,80.8,,
T,2022-04-22 11:09:10,54.489332037,18.494875040,81.2,,
T,2022-04-22 11:09:19,54.488987206,18.494153023,82.4,,
T,2022-04-22 11:09:20,54.488969771,18.494077083,82.6,,
T,2022-04-22 11:09:22,54.488960048,18.493928052,83.2,,
T,2022-04-22 11:09:23,54.488975639,18.493876839,83.4,,
T,2022-04-22 11:09:27,54.489015955,18.493549274,83.2,,
T,2022-04-22 11:09:28,54.489032971,18.493488841,83.0,,
T,2022-04-22 11:09:29,54.489053171,18.493388258,83.2,,
T,2022-04-22 11:09:31,54.489082759,18.493235959,83.4,,
T,2022-04-22 11:09:32,54.489091476,18.493160605,83.4,,
T,2022-04-22 11:09:33,54.489095835,18.493094221,83.6,,
T,2022-04-22 11:09:36,54.489061385,18.492896659,83.4,,
T,2022-04-22 11:09:37,54.489036072,18.492830778,83.4,,
T,2022-04-22 11:09:39,54.488948984,18.492678814,82.6,,
T,2022-04-22 11:09:41,54.488903303,18.492507655,82.2,,
T,2022-04-22 11:09:42,54.488893999,18.492427440,82.4,,
T,2022-04-22 11:09:44,54.488903219,18.492278410,83.0,,
T,2022-04-22 11:09:45,54.488920234,18.492219737,83.4,,
T,2022-04-22 11:09:47,54.488954181,18.492176235,84.2,,
T,2022-04-22 11:09:48,54.488985864,18.492123513,84.8,,
T,2022-04-22 11:09:50,54.489017883,18.491947241,86.4,,
T,2022-04-22 11:09:51,54.489029953,18.491860321,86.8,,
T,2022-04-22 11:09:55,54.488994414,18.491573241,88.0,,
T,2022-04-22 11:10:01,54.488894921,18.491144674,88.0,,
T,2022-04-22 11:10:06,54.488872290,18.490782827,90.2,,
T,2022-04-22 11:10:10,54.488868853,18.490489125,91.8,,
T,2022-04-22 11:10:13,54.488906907,18.490286786,92.4,,
T,2022-04-22 11:10:14,54.488923922,18.490224006,92.8,,
T,2022-04-22 11:10:17,54.488942111,18.490020409,93.8,,
T,2022-04-22 11:10:23,54.489028361,18.489671471,95.0,,
T,2022-04-22 11:10:28,54.489112180,18.489386570,96.4,,
T,2022-04-22 11:10:33,54.489180241,18.489130000,97.0,,
T,2022-04-22 11:10:37,54.489267915,18.488888936,97.4,,
T,2022-04-22 11:10:43,54.489387609,18.488595402,96.8,,
T,2022-04-22 11:10:47,54.489434715,18.488407563,97.0,,
T,2022-04-22 11:10:53,54.489537142,18.488105480,97.6,,
T,2022-04-22 11:10:55,54.489571424,18.487996850,98.0,,
T,2022-04-22 11:10:58,54.489595648,18.487793002,98.2,,
T,2022-04-22 11:11:04,54.489740236,18.487453200,99.0,,
T,2022-04-22 11:11:08,54.489784241,18.487172658,98.8,,
T,2022-04-22 11:11:16,54.489948023,18.486724058,100.2,,
T,2022-04-22 11:11:22,54.490067381,18.486420382,100.8,,
T,2022-04-22 11:11:28,54.490208952,18.486089800,102.2,,
T,2022-04-22 11:11:30,54.490254214,18.485984690,102.8,,
T,2022-04-22 11:11:33,54.490320347,18.485840438,103.6,,
T,2022-04-22 11:11:37,54.490403412,18.485623682,104.2,,
T,2022-04-22 11:11:44,54.490550598,18.485155469,105.2,,
T,2022-04-22 11:11:50,54.490645565,18.484807452,105.0,,
T,2022-04-22 11:11:57,54.490719577,18.484393721,104.2,,
T,2022-04-22 11:12:01,54.490763079,18.484129189,104.0,,
T,2022-04-22 11:12:03,54.490801385,18.484002454,104.2,,
T,2022-04-22 11:12:06,54.490876067,18.483842444,104.4,,
T,2022-04-22 11:12:08,54.490964497,18.483722331,105.4,,
T,2022-04-22 11:12:10,54.491043957,18.483631220,106.4,,
T,2022-04-22 11:12:12,54.491140852,18.483518483,107.0,,
T,2022-04-22 11:12:13,54.491198603,18.483476406,107.2,,
T,2022-04-22 11:12:15,54.491294576,18.483411865,107.6,,
T,2022-04-22 11:12:17,54.491385939,18.483329974,108.0,,
T,2022-04-22 11:12:19,54.491458694,18.483214304,107.8,,
T,2022-04-22 11:12:24,54.491598755,18.482749527,107.6,,
T,2022-04-22 11:12:25,54.491619626,18.482659673,107.4,,
T,2022-04-22 11:12:30,54.491730519,18.482190706,107.4,,
T,2022-04-22 11:12:31,54.491753820,18.482094649,107.6,,
T,2022-04-22 11:12:32,54.491773602,18.481988786,107.8,,
T,2022-04-22 11:12:36,54.491837891,18.481566170,107.6,,
T,2022-04-22 11:12:40,54.491869239,18.481124276,106.2,,
T,2022-04-22 11:12:41,54.491883237,18.481020341,105.8,,
T,2022-04-22 11:12:46,54.491986083,18.480538968,106.2,,
T,2022-04-22 11:12:47,54.491988849,18.480412737,106.2,,
T,2022-04-22 11:12:51,54.492050707,18.479970591,107.4,,
T,2022-04-22 11:12:53,54.492076943,18.479775880,107.6,,
T,2022-04-22 11:12:56,54.492130335,18.479514364,108.4,,
T,2022-04-22 11:12:57,54.492138214,18.479417972,108.2,,
T,2022-04-22 11:12:59,54.492148776,18.479237929,108.2,,
T,2022-04-22 11:13:01,54.492163192,18.479036679,108.2,,
T,2022-04-22 11:13:02,54.492175682,18.478952274,108.4,,
T,2022-04-22 11:13:05,54.492207868,18.478679443,108.8,,
T,2022-04-22 11:13:07,54.492214574,18.478511721,108.6,,
T,2022-04-22 11:13:09,54.492226308,18.478320194,108.0,,
T,2022-04-22 11:13:11,54.492221698,18.478123806,107.2,,
T,2022-04-22 11:13:12,54.492217256,18.478037389,107.0,,
T,2022-04-22 11:13:14,54.492230583,18.477861453,107.2,,
T,2022-04-22 11:13:16,54.492243407,18.477671351,107.4,,
T,2022-04-22 11:13:18,54.492255645,18.477510167,107.4,,
T,2022-04-22 11:13:22,54.492271319,18.477111943,108.0,,
T,2022-04-22 11:13:23,54.492272073,18.477026364,108.2,,
T,2022-04-22 11:13:24,54.492281210,18.476943299,108.4,,
T,2022-04-22 11:13:25,54.492278108,18.476841962,108.4,,
T,2022-04-22 11:13:26,54.492280371,18.476739703,108.4,,
T,2022-04-22 11:13:27,54.492271738,18.476659823,108.6,,
T,2022-04-22 11:13:31,54.492228823,18.476269143,109.0,,
T,2022-04-22 11:13:33,54.492244832,18.476068815,109.0,,
T,2022-04-22 11:13:35,54.492260339,18.475880977,109.2,,
T,2022-04-22 11:13:37,54.492292441,18.475740496,109.2,,
T,2022-04-22 11:13:38,54.492305014,18.475660868,109.4,,
T,2022-04-22 11:13:42,54.492371315,18.475419553,109.6,,
T,2022-04-22 11:13:45,54.492428396,18.475269098,109.8,,
T,2022-04-22 11:13:46,54.492445998,18.475254765,109.8,,
T,2022-04-22 11:13:48,54.492458068,18.475162648,109.6,,
T,2022-04-22 11:13:50,54.492442142,18.475090899,109.4,,
T,2022-04-22 11:13:53,54.492405849,18.474979168,109.0,,
T,2022-04-22 11:13:55,54.492415823,18.474864084,108.8,,
T,2022-04-22 11:13:56,54.492431749,18.474807506,108.8,,
T,2022-04-22 11:13:59,54.492479526,18.474622183,108.6,,
T,2022-04-22 11:14:04,54.492582120,18.474362511,108.4,,
T,2022-04-22 11:14:07,54.492660742,18.474323200,108.8,,
T,2022-04-22 11:14:08,54.492693348,18.474332420,109.0,,
T,2022-04-22 11:14:13,54.492884874,18.474428225,110.4,,
T,2022-04-22 11:14:17,54.493025355,18.474423112,110.8,,
T,2022-04-22 11:14:22,54.493201626,18.474173164,112.6,,
T,2022-04-22 11:14:28,54.493357278,18.473830177,114.4,,
T,2022-04-22 11:14:29,54.493387621,18.473774018,114.8,,
T,2022-04-22 11:14:34,54.493545117,18.473506551,116.4,,
T,2022-04-22 11:14:39,54.493690627,18.473204551,117.2,,
T,2022-04-22 11:14:44,54.493861953,18.472984526,117.8,,
T,2022-04-22 11:14:46,54.493921967,18.472854607,117.6,,
T,2022-04-22 11:14:50,54.494034620,18.472604156,117.8,,
T,2022-04-22 11:14:52,54.494089857,18.472514721,117.2,,
T,2022-04-22 11:14:54,54.494153643,18.472432494,117.0,,
T,2022-04-22 11:14:56,54.494213155,18.472344149,117.4,,
T,2022-04-22 11:14:57,54.494252214,18.472279273,117.6,,
T,2022-04-22 11:14:59,54.494308792,18.472175924,117.6,,
T,2022-04-22 11:15:00,54.494331004,18.472136781,117.6,,
T,2022-04-22 11:15:01,54.494361598,18.472072994,117.8,,
T,2022-04-22 11:15:08,54.494546587,18.471653983,119.2,,
T,2022-04-22 11:15:15,54.494690085,18.471199684,122.6,,
T,2022-04-22 11:15:20,54.494783711,18.470881507,124.4,,
T,2022-04-22 11:15:26,54.494856549,18.470517145,125.0,,
T,2022-04-22 11:15:33,54.494903656,18.470058152,123.8,,
T,2022-04-22 11:15:36,54.494959563,18.469847180,123.4,,
T,2022-04-22 11:15:40,54.495054027,18.469580300,123.4,,
T,2022-04-22 11:15:42,54.495110018,18.469463959,123.2,,
T,2022-04-22 11:15:44,54.495184952,18.469379554,123.2,,
T,2022-04-22 11:15:45,54.495226275,18.469346697,123.0,,
T,2022-04-22 11:15:49,54.495392488,18.469230775,122.4,,
T,2022-04-22 11:15:51,54.495462393,18.469196493,122.2,,
T,2022-04-22 11:15:55,54.495628942,18.469183166,122.4,,
T,2022-04-22 11:15:57,54.495730363,18.469188865,122.4,,
T,2022-04-22 11:16:04,54.496019706,18.469248796,123.6,,
T,2022-04-22 11:16:11,54.496266805,18.469258016,123.6,,
T,2022-04-22 11:16:15,54.496401418,18.469256675,124.0,,
T,2022-04-22 11:16:20,54.496563524,18.469258770,123.8,,
T,2022-04-22 11:16:23,54.496671651,18.469287688,124.0,,
T,2022-04-22 11:16:26,54.496760415,18.469346194,124.4,,
T,2022-04-22 11:16:31,54.496932328,18.469518106,125.6,,
T,2022-04-22 11:16:39,54.497213708,18.469823124,126.8,,
T,2022-04-22 11:16:43,54.497365421,18.469943237,127.6,,
T,2022-04-22 11:16:46,54.497462986,18.470018841,128.0,,
T,2022-04-22 11:16:47,54.497505901,18.470038036,128.2,,
T,2022-04-22 11:16:52,54.497695332,18.470128560,128.8,,
T,2022-04-22 11:16:54,54.497793065,18.470184300,129.0,,
T,2022-04-22 11:16:57,54.497935893,18.470228137,129.0,,
T,2022-04-22 11:17:03,54.498194559,18.470213637,129.0,,
T,2022-04-22 11:17:07,54.498340487,18.470137948,129.6,,
T,2022-04-22 11:17:13,54.498555316,18.470045663,130.6,,
T,2022-04-22 11:17:21,54.498842312,18.470063685,130.4,,
T,2022-04-22 11:17:27,54.499019673,18.470154796,129.2,,
T,2022-04-22 11:17:33,54.499162165,18.470206931,128.0,,
T,2022-04-22 11:17:40,54.499358889,18.470233083,126.6,,
T,2022-04-22 11:17:41,54.499379341,18.470206931,126.4,,
T,2022-04-22 11:17:49,54.499571119,18.469995288,125.6,,
T,2022-04-22 11:17:55,54.499793742,18.469874002,125.8,,
T,2022-04-22 11:17:58,54.499885608,18.469806695,126.6,,
T,2022-04-22 11:18:03,54.499986526,18.469589520,126.8,,
T,2022-04-22 11:18:09,54.500024915,18.469155757,127.2,,
T,2022-04-22 11:18:10,54.500027429,18.469092054,127.4,,
T,2022-04-22 11:18:14,54.500032375,18.468790976,128.4,,
T,2022-04-22 11:18:15,54.500037152,18.468712857,128.8,,
T,2022-04-22 11:18:17,54.500053832,18.468534993,129.0,,
T,2022-04-22 11:18:19,54.500077218,18.468373641,128.8,,
T,2022-04-22 11:18:21,54.500088785,18.468206087,128.2,,
T,2022-04-22 11:18:27,54.500120888,18.467696384,128.0,,
T,2022-04-22 11:18:30,54.500141926,18.467467558,128.6,,
T,2022-04-22 11:18:35,54.500165982,18.467053995,129.6,,
T,2022-04-22 11:18:38,54.500173777,18.466787282,129.8,,
T,2022-04-22 11:18:39,54.500177968,18.466718383,130.0,,
T,2022-04-22 11:18:42,54.500207473,18.466436667,130.4,,
T,2022-04-22 11:18:45,54.500243263,18.466178337,131.4,,
T,2022-04-22 11:18:47,54.500268158,18.466003574,132.2,,
T,2022-04-22 11:18:57,54.500364717,18.465121463,133.0,,
T,2022-04-22 11:18:59,54.500379721,18.464943431,133.0,,
T,2022-04-22 11:19:04,54.500411991,18.464503968,134.0,,
T,2022-04-22 11:19:05,54.500413667,18.464397686,134.2,,
T,2022-04-22 11:19:08,54.500417355,18.464126447,135.0,,
T,2022-04-22 11:19:09,54.500424732,18.464007424,135.0,,
T,2022-04-22 11:19:16,54.500469407,18.463374088,135.6,,
T,2022-04-22 11:19:19,54.500488099,18.463234697,135.8,,
T,2022-04-22 11:19:21,54.500488099,18.463234697,135.8,,
T,2022-04-22 11:20:28,54.500535708,18.463227907,136.0,,
T,2022-04-22 11:20:29,54.500565715,18.463232769,136.0,,
T,2022-04-22 11:20:31,54.500631765,18.463248694,136.2,,
T,2022-04-22 11:20:33,54.500701418,18.463232685,136.6,,
T,2022-04-22 11:20:36,54.500718685,18.463072088,136.6,,
T,2022-04-22 11:20:40,54.500715751,18.462772686,136.6,,
T,2022-04-22 11:20:42,54.500711057,18.462611502,137.0,,
T,2022-04-22 11:20:43,54.500708710,18.462530617,137.0,,
T,2022-04-22 11:20:50,54.500656156,18.461920582,138.0,,
T,2022-04-22 11:20:51,54.500648947,18.461808348,138.0,,
T,2022-04-22 11:20:54,54.500622544,18.461542474,138.0,,
T,2022-04-22 11:21:02,54.500499833,18.460894972,139.8,,
T,2022-04-22 11:21:09,54.500376619,18.460398177,142.6,,
T,2022-04-22 11:21:15,54.500274528,18.459980674,145.0,,
T,2022-04-22 11:21:16,54.500262961,18.459913116,145.0,,
T,2022-04-22 11:21:22,54.500213088,18.459501313,145.6,,
T,2022-04-22 11:21:24,54.500207892,18.459365359,146.0,,
T,2022-04-22 11:21:33,54.500190290,18.458640408,146.6,,
T,2022-04-22 11:21:37,54.500188529,18.458283171,145.8,,
T,2022-04-22 11:21:38,54.500200097,18.458202034,145.8,,
T,2022-04-22 11:21:39,54.500211161,18.458121065,145.8,,
T,2022-04-22 11:21:42,54.500206802,18.457860639,145.4,,
T,2022-04-22 11:21:44,54.500198504,18.457691241,145.0,,
T,2022-04-22 11:21:46,54.500220129,18.457534080,145.6,,
T,2022-04-22 11:21:50,54.500205880,18.457169048,146.0,,
T,2022-04-22 11:21:51,54.500200599,18.457075842,146.2,,
T,2022-04-22 11:21:56,54.500191212,18.456569994,146.0,,
T,2022-04-22 11:21:58,54.500154918,18.456341755,145.0,,
T,2022-04-22 11:22:00,54.500118876,18.456073701,144.2,,
T,2022-04-22 11:22:03,54.500156846,18.455643961,144.6,,
T,2022-04-22 11:22:04,54.500186434,18.455508761,145.2,,
T,2022-04-22 11:22:08,54.500314509,18.455017749,148.0,,
T,2022-04-22 11:22:10,54.500369579,18.454783307,148.0,,
T,2022-04-22 11:22:14,54.500479465,18.454387765,148.0,,
T,2022-04-22 11:22:15,54.500500252,18.454296486,147.8,,
T,2022-04-22 11:22:19,54.500541743,18.453913098,147.0,,
T,2022-04-22 11:22:24,54.500556830,18.453515377,146.0,,
T,2022-04-22 11:22:31,54.500560099,18.452966949,146.8,,
T,2022-04-22 11:22:33,54.500562949,18.452813309,146.2,,
T,2022-04-22 11:22:35,54.500562195,18.452656232,146.4,,
T,2022-04-22 11:22:37,54.500576947,18.452509297,147.0,,
T,2022-04-22 11:22:43,54.500592370,18.452067152,147.8,,
T,2022-04-22 11:22:44,54.500592034,18.451998252,148.0,,
T,2022-04-22 11:22:47,54.500594800,18.451761464,148.8,,
T,2022-04-22 11:22:50,54.500611313,18.451489387,149.2,,
T,2022-04-22 11:22:57,54.500615587,18.450751528,149.0,,
T,2022-04-22 11:23:00,54.500581725,18.450489594,148.0,,
T,2022-04-22 11:23:03,54.500523973,18.450195808,147.0,,
T,2022-04-22 11:23:06,54.500483237,18.449894479,147.0,,
T,2022-04-22 11:23:07,54.500467312,18.449799512,147.4,,
T,2022-04-22 11:23:08,54.500450129,18.449703455,147.6,,
T,2022-04-22 11:23:11,54.500404196,18.449442945,148.0,,
T,2022-04-22 11:23:18,54.500281317,18.448809776,149.0,,
T,2022-04-22 11:23:26,54.500153158,18.448096812,149.0,,
T,2022-04-22 11:23:37,54.499993818,18.447138174,150.2,,
T,2022-04-22 11:23:45,54.499891056,18.446481116,151.4,,
T,2022-04-22 11:23:46,54.499874208,18.446401237,151.6,,
T,2022-04-22 11:23:48,54.499851828,18.446257235,151.8,,
T,2022-04-22 11:23:50,54.499798520,18.446186325,151.6,,
T,2022-04-22 11:23:54,54.499656614,18.446142739,150.6,,
T,2022-04-22 11:23:58,54.499606825,18.445869237,151.4,,
T,2022-04-22 11:24:07,54.499487802,18.445232883,152.4,,
T,2022-04-22 11:24:15,54.499388980,18.444625027,154.8,,
T,2022-04-22 11:24:21,54.499305747,18.443998313,156.6,,
T,2022-04-22 11:24:27,54.499209691,18.443350811,157.2,,
T,2022-04-22 11:24:36,54.499035263,18.442492587,159.6,,
T,2022-04-22 11:24:44,54.498905931,18.441684069,158.2,,
T,2022-04-22 11:24:53,54.498741142,18.440782428,155.6,,
T,2022-04-22 11:25:00,54.498641733,18.440060914,155.8,,
T,2022-04-22 11:25:02,54.498613905,18.439841392,156.6,,
T,2022-04-22 11:25:10,54.498474514,18.439133707,157.4,,
T,2022-04-22 11:25:14,54.498408129,18.438852914,157.8,,
T,2022-04-22 11:25:15,54.498380469,18.438801700,157.8,,
T,2022-04-22 11:25:18,54.498268235,18.438747302,158.2,,
T,2022-04-22 11:25:19,54.498229343,18.438758114,158.4,,
T,2022-04-22 11:25:26,54.497951148,18.438935056,159.0,,
T,2022-04-22 11:25:32,54.497704972,18.439019462,159.0,,
T,2022-04-22 11:25:37,54.497479331,18.439013930,158.4,,
T,2022-04-22 11:25:39,54.497378329,18.438990209,158.2,,
T,2022-04-22 11:25:41,54.497274728,18.438948970,158.0,,
T,2022-04-22 11:25:44,54.497115472,18.438833887,158.4,,
T,2022-04-22 11:25:51,54.496766618,18.438446224,158.4,,
T,2022-04-22 11:25:53,54.496659329,18.438393837,158.2,,
T,2022-04-22 11:25:54,54.496606942,18.438360393,158.0,,
T,2022-04-22 11:25:55,54.496558746,18.438304570,157.6,,
T,2022-04-22 11:25:57,54.496472329,18.438190157,156.8,,
T,2022-04-22 11:25:58,54.496425809,18.438147828,156.6,,
T,2022-04-22 11:26:03,54.496161444,18.437929731,154.8,,
T,2022-04-22 11:26:07,54.495938569,18.437716411,154.6,,
T,2022-04-22 11:26:16,54.495419813,18.437219784,157.0,,
T,2022-04-22 11:26:19,54.495247733,18.437074106,156.8,,
T,2022-04-22 11:26:23,54.495058302,18.436897499,156.4,,
T,2022-04-22 11:26:27,54.494950930,18.436688455,156.6,,
T,2022-04-22 11:26:29,54.494919414,18.436552584,157.0,,
T,2022-04-22 11:26:31,54.494923269,18.436401626,157.0,,
T,2022-04-22 11:26:35,54.494970795,18.436078923,158.0,,
T,2022-04-22 11:26:37,54.495005747,18.435945315,158.6,,
T,2022-04-22 11:26:38,54.495019410,18.435870968,158.8,,
T,2022-04-22 11:26:43,54.495080849,18.435466960,158.4,,
T,2022-04-22 11:26:45,54.495103648,18.435360678,158.2,,
T,2022-04-22 11:26:46,54.495120915,18.435342237,158.2,,
T,2022-04-22 11:26:48,54.495167099,18.435343578,157.8,,
T,2022-04-22 11:26:52,54.495309340,18.435365036,157.0,,
T,2022-04-22 11:26:55,54.495446971,18.435422452,157.0,,
