Data,Otwarcie,Najwyzszy,Najnizszy,Zamkniecie,Wolumen
2018-08-20,198.5,204.11,196.76,203.15,112417
2018-08-21,205.08,207.6,203.34,206.04,156307
2018-08-22,203.54,204.89,198.31,199.47,175283
2018-08-23,200.44,202.37,197.15,202.18,116786
2018-08-24,203.15,203.15,197.92,199.67,123237
2018-08-27,200.44,207.02,200.44,205.08,239438
2018-08-28,212.82,215.14,208.95,212.04,443612
2018-08-29,210.11,212.82,209.92,212.63,187626
2018-08-30,212.24,212.24,203.54,203.54,285228
2018-08-31,201.98,202.18,196.76,199.28,314359
2018-09-03,199.67,201.98,191.45,195.22,257256
2018-09-04,196.37,197.15,186.7,188.15,316535
2018-09-05,187.66,189.61,177.9,178.67,398824
2018-09-06,176.64,182.44,175.1,176.45,369180
2018-09-07,177.99,182.93,167.36,167.84,494201
2018-09-10,165.42,175.1,162.32,173.83,396747
2018-09-11,176.93,181,174.42,176.64,284112
2018-09-12,178.77,179.93,171.51,172.38,266484
2018-09-13,172.19,176.84,171.32,174.32,189568
2018-09-14,176.45,177.42,173.26,176.06,142791
2018-09-17,176.06,178.96,174.32,175.29,145451
2018-09-18,175.67,185.16,174.42,183.32,295114
2018-09-19,185.73,189.03,183.42,183.7,259555
2018-09-20,185.73,186.12,180.9,183.51,373687
2018-09-21,184.77,193.19,183.8,187.38,1992503
2018-09-24,189.79,191.35,177.99,181.29,265799
2018-09-25,181.29,181.86,177.51,180.7,158894
2018-09-26,182.06,182.06,178.09,181,118701
2018-09-27,180.32,186.22,179.06,186.12,262791
2018-09-28,187.66,188.54,178.77,181.19,262518
2018-10-01,182.74,186.6,181.19,186.6,152325
2018-10-02,184.48,185.25,180.41,183.8,176435
2018-10-03,183.99,188.05,182.44,186.7,242729
2018-10-04,185.73,186.9,174.22,174.42,323797
2018-10-05,175.57,178.48,169.29,176.35,334285
2018-10-08,174.22,174.22,157.78,157.78,543543
2018-10-09,156.81,161.45,151.68,158.65,591301
2018-10-10,159.81,160.58,144.62,150.43,602954
2018-10-11,144.82,149.45,141.91,147.04,677617
2018-10-12,150.72,157.87,149.45,157.68,467988
2018-10-15,161.45,161.55,151.58,153.42,225390
2018-10-16,154.3,159.61,153.42,159.61,234663
2018-10-17,161.55,163.3,156.13,159.14,288322
2018-10-18,159.71,159.71,149.16,149.94,505690
2018-10-19,152.85,154.39,148.2,151.88,258529
2018-10-22,153.81,153.81,149.94,151.88,134845
2018-10-23,149.55,149.55,137.56,139.59,931740
2018-10-24,140.08,145.1,138.63,138.63,295108
2018-10-25,133.49,146.17,130.6,146.07,654308
2018-10-26,144.62,146.36,136.79,138.24,331944
2018-10-29,139.39,148.49,138.82,143.36,396341
2018-10-30,142.88,148.01,140.37,147.42,504193
2018-10-31,149.55,155.26,149.55,153.14,605045
2018-11-02,159.61,164.26,156.81,158.94,683255
2018-11-05,158.65,162.91,155.26,156.81,307952
2018-11-06,158.16,161.35,153.04,157.97,250579
2018-11-07,158.84,160.78,157.01,159.81,189799
2018-11-08,160.39,164.84,150.52,150.91,379530
2018-11-09,151.01,151.39,143.17,144.92,654738
2018-11-13,144.14,146.46,138.82,141.72,550596
2018-11-14,134.47,145.01,134.37,141.72,358786
2018-11-15,140.95,143.94,133.49,133.49,363064
2018-11-16,136.6,140.27,124.7,128.08,748882
2018-11-19,128.08,132.73,125.85,129.63,461822
2018-11-20,126.91,130.6,120.25,124.79,915261
2018-11-21,126.73,133.11,126.05,133.01,462625
2018-11-22,134.56,135.82,127.98,134.47,303055
2018-11-23,136.21,136.89,131.07,135.62,222989
2018-11-26,137.36,139.2,130.79,134.37,283887
2018-11-27,135.14,135.14,128.28,130.4,254686
2018-11-28,131.66,134.94,130.21,133.49,340238
2018-11-29,135.43,139.3,134.66,136.4,256344
2018-11-30,137.07,137.75,130.6,137.56,350181
2018-12-03,143.94,151.49,143.75,148.98,772683
2018-12-04,149.26,149.65,145.2,149.08,441596
2018-12-05,145.1,145.88,140.37,143.55,449689
2018-12-06,141.23,142.4,138.14,139.01,237199
2018-12-07,140.27,144.82,139.01,139.3,262323
2018-12-10,137.56,140.85,135.62,135.62,199908
2018-12-11,137.07,139.1,135.53,135.82,212802
2018-12-12,138.04,139.2,135.43,137.17,214655
2018-12-13,139.1,140.46,136.01,139.3,199875
2018-12-14,137.36,141.52,136.69,138.92,178816
2018-12-17,139.49,139.69,134.47,134.47,213359
2018-12-18,133.59,138.72,130.98,137.95,295816
2018-12-19,138.14,148.01,136.6,148.01,412282
2018-12-20,144.43,147.81,143.55,144.92,393705
2018-12-21,145.2,151.68,144.14,146.07,671275
2018-12-27,150.91,151.88,141.81,142.69,245949
2018-12-28,140.27,142.11,138.53,140.85,294341
2019-01-02,140.66,146.36,137.46,146.07,203661
2019-01-03,145.88,145.88,142.2,143.17,231128
2019-01-04,143.17,145.88,143.17,145.78,169481
2019-01-07,147.04,149.55,146.56,148.69,194329
2019-01-08,149.45,151.58,147.04,148.59,287699
2019-01-09,149.08,159.61,148.98,159.61,493246
2019-01-10,159.14,166.58,154.88,165.42,718516
2019-01-11,167.36,171.32,158.65,159.71,500823
2019-01-14,158.65,158.65,153.62,154.3,270866
2019-01-15,155.94,158.65,153.81,157.01,323240
2019-01-16,158.65,161.17,158.16,161.17,154895
2019-01-17,159.61,166.39,159.23,165.51,381538
2019-01-18,167.36,169.29,164.94,168.22,311977
2019-01-21,168.13,168.13,165.13,167.16,126236
2019-01-22,167.07,170.64,166.68,168.42,153460
2019-01-23,171.7,191.92,170.26,188.25,1265517
2019-01-24,188.44,194.83,179.93,183.8,805757
2019-01-25,184.77,188.05,181.67,183.6,372597
2019-01-28,181.76,185.92,179.16,181.48,249417
2019-01-29,181.48,186.31,179.64,183.89,229734
2019-01-30,185.73,191.25,184.77,188.73,316254
2019-01-31,191.54,192.5,183.8,183.8,457222
2019-02-01,183.8,185.83,181.96,183.8,225456
2019-02-04,183.8,184.77,181.29,184.48,186367
2019-02-05,185.25,186.7,182.83,185.35,154747
2019-02-06,184.77,184.77,175.19,176.54,521703
2019-02-07,175.48,177.32,171.03,172.19,370086
2019-02-08,171.61,176.35,170.84,172.48,352562
2019-02-11,174.51,178.96,173.64,177.7,271749
2019-02-12,178.96,179.73,168.42,171.32,347093
2019-02-13,173.16,175.29,167.74,171.32,296208
2019-02-14,171.32,173.93,169.87,172.38,131137
2019-02-15,171.8,177.03,170.55,176.54,217327
2019-02-18,177.99,178.87,174.61,175.1,181459
2019-02-19,175.1,177.51,169.29,171.8,201781
2019-02-20,171.7,176.64,170.06,176.64,215165
2019-02-21,176.54,176.54,172.19,174.12,231138
2019-02-22,173.36,175.29,171.51,172.48,234038
2019-02-25,172.48,176.84,172.48,176.06,137713
2019-02-26,176.06,179.73,173.93,179.64,202491
2019-02-27,178.87,184.09,176.45,183.32,335599
2019-02-28,183.8,188.64,183.03,183.89,307072
2019-03-01,185.73,186.7,183.42,186.7,135713
2019-03-04,185.73,187.38,181.57,183.22,153170
2019-03-05,182.44,183.8,181,181.48,76019
2019-03-06,182.74,183.13,180.8,181.86,166803
2019-03-07,181.86,182.83,178.96,179.35,136107
2019-03-08,179.26,180.9,176.64,177.03,156843
2019-03-11,176.06,178.28,175.67,175.96,231985
2019-03-12,178.09,179.06,170.74,174.03,281371
2019-03-13,174.12,178.09,172.29,177.99,253180
2019-03-14,178.09,178.67,176.45,177.6,168672
2019-03-15,177.13,180.9,176.84,180.02,392140
2019-03-18,180.02,183.32,177.99,182.25,197319
2019-03-19,181.29,184.09,179.54,182.15,141219
2019-03-20,184.57,184.57,179.64,180.02,168109
2019-03-21,180.12,180.8,176.64,179.26,169318
2019-03-22,181,182.54,178.87,179.83,143956
2019-03-25,178.77,181.57,177.32,178.48,198251
2019-03-26,179.45,180.22,177.13,179.73,111841
2019-03-27,180.22,193.48,177.8,189.51,747654
2019-03-28,190.57,195.79,187.96,194.63,372047
2019-03-29,195.41,197.92,189.7,193.48,394994
2019-04-01,194.44,202.47,192.99,197.35,438850
2019-04-02,198.31,206.04,198.31,205.76,338218
2019-04-03,207.98,212.72,207.5,212.72,454812
2019-04-04,212.82,213.31,197.92,200.24,685856
2019-04-05,200.24,201.12,194.05,197.35,376591
2019-04-08,198.5,201.6,195.89,197.54,357799
2019-04-09,198.99,199.18,196.18,196.67,226424
2019-04-10,196.67,201.12,196.67,201.12,316046
2019-04-11,202.37,207.02,201.88,206.34,323626
2019-04-12,207.79,207.79,201.7,201.7,231968
2019-04-15,202.18,206.34,202.18,205.57,152728
2019-04-16,206.04,207.31,200.14,200.92,156235
2019-04-17,200.73,200.73,193.76,194.44,431201
2019-04-18,194.44,196.37,189.7,195.41,242222
2019-04-23,196.37,200.73,196.37,200.24,207075
2019-04-24,202.66,205.47,199.77,204.3,239584
2019-04-25,204.69,205.57,200.34,203.05,190514
2019-04-26,201.6,205.08,201.6,204.69,118898
2019-04-29,205.57,206.43,203.44,205.57,109210
2019-04-30,205.08,207.89,203.15,207.89,211762
2019-05-02,207.98,209.63,203.54,205.86,202233
2019-05-06,203.44,204.89,201.31,202.95,128034
2019-05-07,204.11,208.85,203.15,203.25,206748
2019-05-08,203.73,208.27,203.73,207.98,205311
2019-05-09,208.47,212.33,206.24,207.31,221374
2019-05-10,208.66,208.95,204.4,205.18,153396
2019-05-13,205.18,206.14,198.6,200.05,297824
2019-05-14,201.21,204.5,199.57,202.57,204910
2019-05-15,204.79,205.57,200.83,202.47,154553
2019-05-16,202.37,206.43,202.37,205.57,284483
2019-05-17,205.67,205.86,201.31,204.21,158513
2019-05-20,203.54,204.5,196.18,199.57,227418
2019-05-21,199.77,201.88,195.51,198.6,214678
2019-05-22,199.28,201.6,195.79,196.67,472789
2019-05-23,197.35,202.66,197.35,199.28,271614
2019-05-24,206.73,217.56,205.37,211.27,737491
2019-05-27,211.86,214.75,208.66,209.34,169183
2019-05-28,208.95,213.4,206.82,206.82,739819
2019-05-29,207.98,208.08,199.38,202.86,445644
2019-05-30,203.15,208.69,198.87,208.3,262911
2019-05-31,205.09,207.23,200.62,201.98,433063
2019-06-03,202.86,203.73,197.32,197.32,374789
2019-06-04,197.32,201.2,191.87,201.2,487423
2019-06-05,203.15,205.58,201.88,203.93,197905
2019-06-06,204.8,206.65,201.98,206.06,209819
2019-06-07,207.04,213.45,206.94,213.35,280178
2019-06-10,225.6,226.48,213.84,222.1,912158
2019-06-11,222.69,223.17,214.03,215.3,605018
2019-06-12,216.27,216.66,204.31,204.41,629182
2019-06-13,203.15,209.76,199.26,200.82,699076
2019-06-14,201.2,203.44,200.62,202.66,465581
2019-06-17,202.66,204.02,197.8,198.29,262061
2019-06-18,198.29,202.37,194.98,198.77,418946
2019-06-19,200.23,202.57,199.26,201.79,260230
2019-06-21,201.69,202.47,196.44,196.93,714677
2019-06-24,199.16,200.72,195.66,195.66,399440
2019-06-25,198.29,199.45,196.15,196.73,525818
2019-06-26,197.12,202.66,196.83,202.66,312291
2019-06-27,202.66,208.4,201.4,208.11,412399
2019-06-28,208.88,212.48,208.3,209.27,751635
2019-07-01,212.19,212.48,204.8,210.54,323432
2019-07-02,210.34,210.34,203.83,208.98,287890
2019-07-03,208.01,209.76,206.26,209.76,139834
2019-07-04,208.98,209.56,205.58,207.52,115744
2019-07-05,207.52,211.31,207.04,210.83,181743
2019-07-08,209.66,211.31,208.01,210.92,319048
2019-07-09,209.27,210.05,206.16,206.55,240441
2019-07-10,206.94,210.92,206.65,209.86,171482
2019-07-11,210.54,211.31,208.98,211.31,310701
2019-07-12,211.41,213.45,210.44,211.12,228855
2019-07-15,211.12,212.87,210.44,211.9,89705
2019-07-16,211.99,212.87,211.02,211.7,88643
2019-07-17,211.9,215.98,210.92,213.16,236380
2019-07-18,211.9,214.81,211.22,213.45,175691
2019-07-19,214.42,219.58,213.94,216.76,431868
2019-07-22,216.76,220.06,216.66,218.6,165348
2019-07-23,218.7,219.67,216.37,218.21,159315
2019-07-24,218.21,220.55,217.73,220.26,231021
2019-07-25,220.45,221.03,215.01,215.49,297822
2019-07-26,215.78,219.09,213.16,217.92,201409
2019-07-29,218.7,219.87,216.08,216.66,79512
2019-07-30,217.05,219.58,216.08,219.58,113750
2019-07-31,219.38,224.63,218.31,223.56,477980
2019-08-01,223.37,225.6,220.94,223.56,281661
2019-08-02,221.62,223.46,218.89,219.19,207455
2019-08-05,218.7,219.67,205.77,205.77,374216
2019-08-06,205.77,215.78,205.68,211.8,332159
2019-08-07,214.13,215.49,207.33,208.98,309933
2019-08-08,212.19,214.23,210.44,211.8,195171
2019-08-09,213.94,215.59,211.41,212.29,241414
2019-08-12,213.55,217.63,211.6,213.84,136419
2019-08-13,213.84,218.89,213.84,217.73,334393
2019-08-14,217.15,218.7,213.55,214.13,381122
2019-08-16,214.13,226.28,211.7,224.82,489169
2019-08-19,224.82,232.11,224.73,229.39,386656
2019-08-20,229.39,231.24,222.59,227.64,292988
2019-08-21,226.67,231.43,226.67,231.34,195925
2019-08-22,231.34,234.16,227.64,232.7,414214
2019-08-23,233.28,234.74,229.3,233.67,211637
2019-08-26,229.39,234.74,228.23,234.35,188358
2019-08-27,234.25,239.99,233.67,238.33,591549
2019-08-28,238.82,239.7,233.09,235.81,263588
2019-08-29,235.22,241.25,234.25,241.25,339176
2019-08-30,243,252.53,242.22,245.92,830936
2019-09-02,245.92,246.79,240.67,243,196847
2019-09-03,242.71,243.49,239.5,242.13,193340
2019-09-04,243.49,247.08,243.19,244.26,295970
2019-09-05,245.92,247.67,243.78,244.85,226559
2019-09-06,246.21,248.54,243.97,248.35,207789
2019-09-09,249.61,254.37,249.32,252.72,303650
2019-09-10,252.72,253.6,240.57,242.03,423767
2019-09-11,243,246.79,242.51,244.94,241652
2019-09-12,246.89,247.57,242.03,243.97,178832
2019-09-13,243.97,245.92,241.06,241.74,174085
2019-09-16,241.54,246.5,240.38,243.58,266083
2019-09-17,243.19,243.68,241.54,243,151893
2019-09-18,242.81,243.19,237.65,238.53,284636
2019-09-19,238.63,240.86,236.97,237.95,143736
2019-09-20,239.11,240.18,234.06,237.27,446228
2019-09-23,237.27,240.08,229.78,236.59,225046
2019-09-24,236.88,241.54,235.52,241.54,206402
2019-09-25,242.03,242.03,234.35,238.04,145299
2019-09-26,238.14,241.25,238.14,241.06,90338
2019-09-27,240.38,240.96,237.56,238.24,67723
2019-09-30,238.72,238.72,235.22,236.59,128341
2019-10-01,237.27,238.14,231.24,234.06,349540
2019-10-02,233.38,233.47,227.45,227.74,223041
2019-10-03,226.48,233.96,226.48,232.31,150241
2019-10-04,232.79,237.17,229.98,232.02,161323
2019-10-07,233.09,234.16,229.39,229.39,134264
2019-10-08,231.14,231.24,224.53,226.67,217182
2019-10-09,228.42,231.92,226.77,231.53,114856
2019-10-10,232.31,232.79,223.56,224.05,243153
2019-10-11,226.38,230.95,225.5,230.36,171209
2019-10-14,231.53,236.2,227.45,236.2,140922
2019-10-15,237.17,241.35,236.29,239.89,155425
2019-10-16,239.99,239.99,234.06,234.25,138680
2019-10-17,233.86,235.52,228.13,228.13,238259
2019-10-18,228.42,231.73,226.18,228.42,107623
2019-10-21,230.85,231.92,225.5,226.48,102333
2019-10-22,226.48,230.36,224.63,228.03,180034
2019-10-23,228.23,229.88,226.77,228.81,100980
2019-10-24,230.36,236.78,229,235.13,272448
2019-10-25,235.13,237.65,233.77,235.61,139043
2019-10-28,235.71,238.04,235.61,238.04,69188
2019-10-29,238.14,241.35,237.75,239.11,244180
2019-10-30,238.24,247.18,238.24,247.18,333283
2019-10-31,247.18,249.8,243.29,245.04,202988
2019-11-04,249.61,251.46,246.79,251.07,269884
2019-11-05,251.26,252.53,246.89,248.05,220061
2019-11-06,248.83,252.23,246.11,252.23,180286
2019-11-07,252.53,260.4,252.23,260.01,280330
2019-11-08,258.55,258.55,253.5,253.5,245720
2019-11-12,255.34,256.61,249.32,252.72,314092
2019-11-13,252.72,259.33,252.72,257.87,273988
2019-11-14,258.75,258.94,251.36,253.69,261977
2019-11-15,254.08,257.48,253.3,255.15,183698
2019-11-18,257.48,258.26,255.83,258.26,124721
2019-11-19,258.55,260.01,256.12,258.07,135349
2019-11-20,257.77,259.52,256.32,259.52,184504
2019-11-21,259.52,259.91,252.72,256.03,201010
2019-11-22,258.46,261.37,254.37,258.55,215461
2019-11-25,259.52,260.4,256.22,258.55,113342
2019-11-26,259.33,260.5,256.41,259.04,422797
2019-11-27,260.01,260.89,257.68,260.89,135793
2019-11-28,260.5,261.66,259.33,261.66,61905
2019-11-29,261.66,261.66,253.69,255.15,252190
2019-12-02,256.61,257.48,246.69,250.29,353709
2019-12-03,250.78,254.57,249.71,249.8,216230
2019-12-04,252.14,254.76,250.78,253.01,209084
2019-12-05,254.18,255.34,252.72,254.66,164338
2019-12-06,254.18,256.9,250.87,253.98,139099
2019-12-09,255.05,256.51,250.29,256.51,95954
2019-12-10,256.61,256.61,249.8,249.9,141724
2019-12-11,249.8,252.14,245.92,245.92,196332
2019-12-12,248.25,251.55,245.33,250.78,223379
2019-12-13,251.46,253.4,245.92,247.37,191223
2019-12-16,247.86,250.58,245.43,249.22,134281
2019-12-17,250.48,256.61,246.69,255.25,233663
2019-12-18,257.19,261.18,253.5,260.59,279236
2019-12-19,260.98,264.38,258.75,261.18,331764
2019-12-20,262.44,263.51,260.3,262.54,319683
2019-12-23,264.38,272.16,262.63,272.16,291720
2019-12-27,273.13,277.02,269.44,269.92,210010
2019-12-30,269.44,274.78,269.34,271.67,164631
2020-01-02,274.1,278.77,273.13,278.77,172311
2020-01-03,278.96,281.69,273.23,277.99,251004
2020-01-07,279.06,280.33,274.98,275.85,218998
2020-01-08,275.56,275.85,269.54,273.23,230932
2020-01-09,276.05,280.52,275.08,280.52,200512
2020-01-10,281.39,284.5,276.53,277.02,272232
2020-01-13,279.74,282.46,276.24,282.46,215140
2020-01-14,282.37,283.63,278.19,280.42,277487
2020-01-15,281.3,281.49,274.78,275.27,270283
2020-01-16,274.59,277.99,271.38,274.4,255463
2020-01-17,246.69,260.5,236.2,259.04,2874876
2020-01-20,261.18,274.69,259.62,273.62,785148
2020-01-21,273.81,277.7,265.94,270.99,454793
2020-01-22,274.01,276.05,266.72,267.88,511438
2020-01-23,266.33,270.7,265.16,266.33,468173
2020-01-24,265.36,269.73,263.61,268.27,338630
2020-01-27,269.34,271.48,260.79,263.41,270283
2020-01-28,263.9,268.56,263.9,268.56,252708
2020-01-29,269.24,270.12,266.52,269.54,410989
2020-01-30,269.24,270.61,266.33,270.12,345147
2020-01-31,270.22,273.72,266.81,273.72,571259
2020-02-03,272.74,285.28,271.67,285.28,607141
2020-02-04,285.28,296.46,282.17,296.46,684924
2020-02-05,294.52,311.62,293.84,299.38,810517
2020-02-06,300.83,305.69,297.14,304.92,340988
2020-02-07,304.53,307.93,298.79,300.15,241092
2020-02-10,302.2,304.63,301.32,302,125779
2020-02-11,304.24,308.12,301.81,301.81,223007
2020-02-12,302.29,306.96,299.77,304.43,241070
2020-02-13,304.33,309.78,303.46,309.78,260542
2020-02-14,310.36,317.65,308.61,316.87,408619
2020-02-17,318.43,326.59,314.54,316.87,176135
2020-02-18,316.29,321.54,313.96,319.79,117747
2020-02-19,320.76,322.61,316.58,321.54,314910
2020-02-20,321.34,322.61,317.46,319.3,202936
2020-02-21,318.82,324.65,317.46,321.73,208688
2020-02-24,318.43,320.76,310.07,311.23,411556
2020-02-25,307.35,312.69,296.75,298.7,632947
2020-02-26,293.16,307.74,288.68,299.18,543005
2020-02-27,299.38,302.29,282.56,284.31,471293
2020-02-28,268.27,277.99,254.28,270.7,1138499
2020-03-02,279.84,289.66,264.38,276.44,696714
2020-03-03,286.74,298.31,282.07,297.24,767000
2020-03-04,291.89,295.88,284.31,287.32,424338
2020-03-05,294.52,296.95,285.96,289.27,312292
2020-03-06,286.35,286.64,275.08,284.99,374411
2020-03-09,258.55,276.05,252.23,262.44,726540
2020-03-10,267.3,272.16,260.5,262.73,467457
2020-03-11,263.41,264.09,235.22,243.97,820183
2020-03-12,221.62,228.42,199.45,210.05,1371646
2020-03-13,223.56,245.92,217.53,237.07,1272044
2020-03-16,229.3,264.38,215.78,244.94,1010470
2020-03-17,254.66,265.16,248.05,261.08,885818
2020-03-18,261.95,273.33,248.15,251.07,735711
2020-03-19,251.07,265.84,249.32,265.84,526699
2020-03-20,273.13,275.37,249.22,259.04,961583
2020-03-23,249.9,264.38,243,257.77,451661
2020-03-24,269.34,272.74,260.79,268.86,446253
2020-03-25,276.05,279.64,264.38,269.83,393949
2020-03-26,268.18,273.91,265.84,273.23,303312
2020-03-27,274.59,275.85,266.91,271.19,292216
2020-03-30,272.16,273.04,265.55,273.04,287058
2020-03-31,275.08,281.78,273.33,281.01,365326
2020-04-01,275.56,279.84,271.19,274.2,276235
2020-04-02,274.2,279.74,268.76,279.74,297772
2020-04-03,280.91,289.46,277.12,288.68,426019
2020-04-06,296.46,309.78,295.78,309.29,410508
2020-04-07,319.79,322.32,294.22,294.22,583088
2020-04-08,286.74,303.07,284.8,300.25,312527
2020-04-09,321.73,324.55,310.75,319.79,708274
2020-04-14,321.73,333.2,315.51,332.42,426055
2020-04-15,334.08,335.24,328.83,332.62,588205
2020-04-16,333.2,334.95,323.38,324.84,428485
2020-04-17,328.83,334.56,327.56,329.99,239772
2020-04-20,329.51,336.31,325.62,335.53,230509
2020-04-21,333.01,334.56,326.59,326.59,192819
2020-04-22,326.59,337.28,324.65,337.28,267145
2020-04-23,333.4,344.77,332.42,344.77,312563
2020-04-24,341.76,362.95,334.37,353.23,458949
2020-04-27,357.21,363.53,355.85,357.7,337445
2020-04-28,357.99,361.97,348.27,349.05,338286
2020-04-29,349.05,354.88,343.51,351.09,263918
2020-04-30,352.54,357.21,341.56,347.59,335435
2020-05-04,341.17,354.78,338.84,347.88,253039
2020-05-05,350.21,350.89,341.37,347.49,211464
2020-05-06,351.38,353.42,346.32,349.92,445305
2020-05-07,349.92,353.03,344.19,345.64,203032
2020-05-08,349.14,349.63,342.63,344.96,197648
2020-05-11,347.98,353.42,344.19,352.84,244145
2020-05-12,350.7,365.38,350.41,362.36,434201
2020-05-13,360.61,368.97,360.03,368.87,283860
2020-05-14,366.54,368,354,359.64,351165
2020-05-15,359.74,364.11,356.04,360.71,247252
2020-05-18,364.89,374.41,360.61,374.41,251949
2020-05-19,377.23,378.11,367.12,369.07,254762
2020-05-20,371.11,386.27,369.55,383.94,335669
2020-05-21,383.75,388.99,380.44,381.61,332314
2020-05-22,379.08,385.79,377.91,382.39,231293
2020-05-25,384.33,391.81,384.33,386.37,118145
2020-05-26,388.8,406,386.86,401.44,444245
2020-05-27,401.44,401.92,370.33,370.82,729050
2020-05-28,378.21,388.51,374.51,387.83,386421
2020-05-29,399.49,401.34,382.09,392.49,868866
2020-06-01,393.66,396.28,383.65,385.79,217502
2020-06-02,384.91,386.27,374.71,377.33,497421
2020-06-03,379.08,386.86,375.19,377.23,281523
2020-06-04,375.78,383.26,375.19,381.61,299040
2020-06-05,383.45,384.91,377.62,379.66,393040
2020-06-08,375.29,377.62,360.42,360.42,478242
2020-06-09,361.58,375.1,342.34,375.1,400361
2020-06-10,377.62,382.19,370.33,382.19,287855
2020-06-12,367.51,377.82,361.49,368.68,342579
2020-06-15,364.5,371.11,362.56,362.65,308416
2020-06-16,367.22,374.71,364.89,368.68,157424
2020-06-17,373.05,380.44,366.93,376.55,279820
2020-06-18,376.55,385.4,375.39,376.46,190693
2020-06-19,362.95,382.87,362.85,381.7,886351
2020-06-22,379.08,397.55,377.14,395.7,471357
2020-06-23,395.9,400.46,388.99,392.69,247075
2020-06-24,398.52,401.34,393.66,396.19,197560
2020-06-25,396.58,401.05,393.66,401.05,232650
2020-06-26,403.38,404.84,383.94,384.23,549922
2020-06-29,382.97,391.62,379.08,390.36,301572
2020-06-30,388.8,393.85,382.77,383.84,301865
2020-07-01,384.43,392.79,379.08,391.91,232251
2020-07-02,393.56,397.16,389.68,393.56,219959
2020-07-03,395.6,398.33,392.49,394.63,111385
2020-07-06,398.33,399.01,392.59,393.66,166442
2020-07-07,393.66,395.99,389.19,393.08,193829
2020-07-08,393.08,393.76,385.79,387.93,187422
2020-07-09,388.02,389.68,375.1,375.1,451749
2020-07-10,370.62,375.19,368.39,369.36,402025
2020-07-13,372.28,374.61,358.38,359.15,467225
2020-07-14,356.63,357.6,341.27,343.99,642803
2020-07-15,347.39,368.58,347.39,354.78,580491
2020-07-16,355.75,360.13,351.48,357.99,223094
2020-07-17,359.06,361.2,355.95,360.61,225778
2020-07-20,361.58,382.29,361.49,382.09,320436
2020-07-21,385.88,386.86,369.36,370.33,421009
2020-07-22,370.62,375.19,364.5,372.28,309505
2020-07-23,374.32,378.79,371.4,376.65,337926
2020-07-24,371.4,377.91,368.58,377.14,442156
2020-07-27,377.14,389.97,372.37,388.02,517493
2020-07-28,386.47,386.86,379.27,384.13,295605
2020-07-29,382.48,392.3,380.25,389.77,590044
2020-07-30,394.63,399.3,386.76,387.34,647582
2020-07-31,388.41,393.47,386.95,390.74,244327
2020-08-03,388.8,407.07,388.22,405.32,700668
2020-08-04,407.27,411.16,402.6,405.81,730545
2020-08-05,405.13,407.75,396.97,398.52,352209
2020-08-06,399.98,405.91,396.19,400.95,242746
2020-08-07,400.46,419.52,398.71,415.04,349477
2020-08-10,415.04,422.82,412.32,413.49,279277
2020-08-11,415.24,417.57,400.66,404.94,230808
2020-08-12,404.94,408.63,398.52,406.3,236429
2020-08-13,406.3,408.14,399.2,399.2,317716
2020-08-14,398.33,404.26,395.6,399.2,174307
2020-08-17,399.2,403.38,395.99,396.58,330890
2020-08-18,396.58,398.13,390.16,394.92,252092
2020-08-19,394.63,403.38,392.69,403.38,195380
2020-08-20,402.41,402.41,393.27,397.16,143007
2020-08-21,401.92,403.77,397.55,397.74,184029
2020-08-24,402.6,407.37,400.27,402.99,192414
2020-08-25,402.41,404.35,395.6,396.58,259580
2020-08-26,398.03,425.44,396.38,424.76,259014
2020-08-27,422.82,449.06,420.97,447.9,653695
2020-08-28,442.55,445.47,431.37,433.51,363064
2020-08-31,433.51,437.3,422.82,426.22,345310
2020-09-01,426.22,435.26,424.18,428.36,288047
2020-09-02,426.81,438.37,425.83,427.58,172184
2020-09-03,430.99,434.29,417.77,418.54,311152
2020-09-04,408.05,423.7,400.08,416.02,837267
2020-09-07,418.06,426.81,413.78,424.38,156867
2020-09-08,427.68,427.97,416.21,421.27,399347
2020-09-09,420.88,422.14,414.66,419.9,431711
2020-09-10,419.22,421.17,415.82,416.99,474267
2020-09-11,417.96,420.88,415.14,418.15,435823
2020-09-14,420.88,422.33,405.62,405.62,627333
2020-09-15,405.52,405.52,389.29,391.72,462609
2020-09-16,394.24,401.34,390.26,393.95,353611
2020-09-17,390.74,394.83,385.69,392.69,337940
2020-09-18,393.66,399.78,390.84,390.84,707481
2020-09-21,390.74,397.74,374.51,374.51,433279
2020-09-22,380.34,396.48,379.27,389.68,574228
2020-09-23,389.68,397.94,389.68,395.6,330839
2020-09-24,392.69,397.94,387.15,391.33,549577
2020-09-25,393.27,398.52,388.9,398.52,288999
2020-09-28,402.41,417.57,401.73,417.57,324594
2020-09-29,417.86,422.53,412.61,419.32,320709
2020-09-30,413.1,418.35,406.69,406.69,441041
2020-10-01,405.23,405.23,366.44,371.89,1204385
2020-10-02,379.18,389.29,373.35,386.08,779956
2020-10-05,391.72,399.01,384.04,387.54,399721
2020-10-06,388.8,389.58,362.56,364.31,816597
2020-10-07,364.79,369.17,355.46,366.54,544704
2020-10-08,370.53,378.01,369.26,378.01,373604
2020-10-09,378.98,378.98,363.04,367.61,378034
2020-10-12,367.42,371.98,360.61,360.61,443210
2020-10-13,360.61,373.44,356.72,372.28,291217
2020-10-14,372.28,386.56,369.46,378.11,436664
2020-10-15,375.58,376.65,362.85,364.5,320427
2020-10-16,367.42,379.08,367.42,368,645907
2020-10-19,370.92,373.25,361.58,361.58,319308
2020-10-20,361.58,367.42,352.06,357.6,499640
2020-10-21,356.92,359.06,344.77,355.56,706021
2020-10-22,349.92,365.96,347.98,356.34,342807
2020-10-23,357.11,359.74,342.82,343.6,804535
2020-10-26,344.57,355.36,344.09,349.92,385704
2020-10-27,353.03,369.36,352.45,353.91,705996
2020-10-28,339.23,343.99,311.04,321.73,1613894
2020-10-29,326.59,346.52,324.65,344.09,786422
2020-10-30,341.85,342.14,323.97,326.01,598889
2020-11-02,333.98,339.03,331.84,333.1,477026
2020-11-03,337.77,356.24,333.4,354.78,602005
2020-11-04,354.78,376.07,349.73,370.53,776742
2020-11-05,377.04,385.11,359.64,360.71,786035
2020-11-06,362.56,378.11,361.1,372.37,388962
2020-11-09,378.11,389.87,358.77,361,1001162
2020-11-10,364.5,368.1,343.6,355.46,832041
2020-11-12,360.61,367.81,356.92,361.97,456723
2020-11-13,362.07,362.07,352.93,353.23,294688
2020-11-16,359.64,361.49,350.31,350.31,317032
2020-11-17,349.92,360.61,349.14,359.25,302241
2020-11-18,360.61,368.19,359.64,364.01,318248
2020-11-19,363.53,363.53,355.27,357.7,348228
2020-11-20,357.79,365.57,357.7,361.78,304060
2020-11-23,366.93,378.11,361.58,362.17,335254
2020-11-24,364.5,366.44,355.27,360.71,286371
2020-11-25,361.78,363.04,352.93,353.81,356756
2020-11-26,358.67,366.93,347.98,348.85,510665
2020-11-27,348.95,353.81,342.73,352.54,393813
2020-11-30,355.75,380.25,355.75,378.59,1085259
2020-12-01,381.41,406.49,381.41,394.63,965505
2020-12-02,399.69,414.07,393.37,413.1,582107
2020-12-03,414.07,416.02,406.3,409.21,496345
2020-12-04,410.96,431.08,410.67,430.6,485098
2020-12-07,434,451.2,390.65,413.2,1468759
2020-12-08,388.8,398.91,374.22,383.94,1925086
2020-12-09,388.51,400.56,372.47,384.72,1454171
2020-12-10,380.54,389.87,348.27,351.86,2105235
2020-12-11,348.75,348.75,299.67,311.53,4080726
2020-12-14,257.58,289.66,231.82,287.81,5519428
2020-12-15,295.29,307.93,285.77,291.6,2732225
2020-12-16,290.92,295.49,281.88,291.6,1152674
2020-12-17,296.46,305.11,296.46,300.54,1104318
2020-12-18,252.72,264.97,235.71,263.8,5594508
2020-12-21,252.72,257.87,241.06,248.83,2789235
2020-12-22,255.25,268.18,254.66,260.2,1537522
2020-12-23,267.3,267.88,244.94,261.47,1490437
2020-12-28,257.58,266.33,249.9,266.33,1062237
2020-12-29,271.67,277.21,266.72,272.65,710269
2020-12-30,272.65,272.65,262.83,267.01,668864
2021-01-04,268.76,271.19,260.59,268.66,714611
2021-01-05,267.88,267.88,256.22,258.26,933280
2021-01-07,259.52,259.62,241.06,241.06,1567206
2021-01-08,243.19,246.31,227.64,233.18,1565113
2021-01-11,233.28,249.8,233.28,239.11,818870
2021-01-12,239.11,245.82,236.2,241.54,675252
2021-01-13,241.54,246.4,240.18,242.9,673688
2021-01-14,246.31,269.34,244.26,257.58,1322166
2021-01-15,257.58,259.72,244.07,249.03,782524
2021-01-18,249.8,250.97,242.32,246.4,494066
2021-01-19,248.15,249.8,236,241.25,774117
2021-01-20,240.08,248.54,232.31,245.62,762904
2021-01-21,247.86,253.21,244.56,246.11,927462
2021-01-22,244.94,249.8,242.9,243.1,534902
2021-01-25,244.94,268.86,243.29,267.98,1653398
2021-01-26,265.45,291.6,265.45,291.6,2757026
2021-01-27,299.38,335.34,299.38,306.96,6038378
2021-01-28,302.49,365.96,290.73,354.78,7055072
2021-01-29,344.09,347.98,289.36,296.65,3032067
2021-02-01,296.95,307.15,283.14,297.24,1037712
2021-02-02,296.95,297.34,274.49,275.37,1418921
2021-02-03,276.05,287.32,275.47,279.94,709914
2021-02-04,280.03,290.43,280.03,282.85,414957
2021-02-05,284.99,289.56,280.13,285.19,446878
2021-02-08,288.68,289.46,278.28,278.28,498570
2021-02-09,278.96,280.13,260.89,262.44,1158239
2021-02-10,261.37,267.79,257,261.95,674124
2021-02-11,260.98,263.8,260.5,262.93,360951
2021-02-12,261.57,262.15,253.01,255.64,377531
2021-02-15,252.72,263.02,251.07,262.44,278728
2021-02-16,263.41,265.55,259.23,262.54,336148
2021-02-17,264.48,264.87,260.59,263.7,302729
2021-02-18,263.7,275.56,261.66,267.3,513320
2021-02-19,267.3,271.09,257.29,257.97,441491
2021-02-22,258.94,260.69,250.78,250.87,480824
2021-02-23,251.75,253.79,243.1,250.48,572209
2021-02-24,250.97,254.96,248.83,250.97,350882
2021-02-25,247.86,248.83,242.13,244.56,789772
2021-02-26,242.61,242.9,227.64,229.98,1520863
2021-03-01,230.75,234.25,218.89,233.57,1120473
2021-03-02,234.16,239.02,229.39,234.54,693560
2021-03-03,235.03,238.43,220.64,221.91,860742
2021-03-04,221.91,230.85,219.67,228.42,547213
2021-03-05,226.96,231.14,222.39,225.5,471655
2021-03-08,228.32,230.85,225.5,225.5,419292
2021-03-09,225.02,227.16,216.76,216.76,1050229
2021-03-10,216.76,220.35,204.31,204.31,1300397
2021-03-11,204.61,217.34,200.82,214.81,1234333
2021-03-12,216.76,228.52,214.13,220.16,871173
2021-03-15,224.53,228.03,219.19,223.46,538965
2021-03-16,226.48,229.49,220.16,223.07,430694
2021-03-17,223.56,225.5,216.85,224.53,551053
2021-03-18,224.53,225.21,214.52,214.52,652643
2021-03-19,214.52,220.64,211.8,216.95,988742
2021-03-22,214.81,214.81,210.73,210.92,551878
2021-03-23,211.9,214.81,205.48,214.52,606212
2021-03-24,213.26,216.17,209.08,211.02,494593
2021-03-25,213.74,215.69,202.27,202.27,761791
2021-03-26,204.12,210.83,203.63,206.06,449703
2021-03-29,211.9,236.68,209.95,232.99,2145094
2021-03-30,243,244.56,210.73,211.8,1700597
2021-03-31,194.21,198,176.42,185.17,3630556
2021-04-01,185.46,192.24,179.88,189.13,1086043
2021-04-06,193.41,195.37,188.59,191.56,756141
2021-04-07,192.67,193.27,185.65,186.39,537442
2021-04-08,186.41,186.41,177,177.88,1210163
2021-04-09,178.38,186.62,176.52,179.22,1091980
2021-04-12,180.5,182.83,178.25,181.28,402557
2021-04-13,181.96,185.17,180.77,181.28,372278
2021-04-14,183.22,184.97,179.04,180.56,563217
2021-04-15,180.79,183.51,179.84,182.17,334395
2021-04-16,184.68,187.11,170.1,171.81,1752522
2021-04-19,173.93,179.92,172.14,172.53,704845
2021-04-20,173.5,176.13,167.4,168.16,587783
2021-04-21,168.16,174.92,162.62,167.77,756434
2021-04-22,170.78,171.75,167.48,168.64,310965
2021-04-23,172.02,173.99,162.81,166.35,729035
2021-04-26,168.62,169.03,160.48,164.25,709625
2021-04-27,161.35,168.49,161.35,163.59,632202
2021-04-28,165.24,169.81,163.88,167.67,685466
2021-04-29,170.1,172.04,165.82,170.33,539628
2021-04-30,170.84,174.71,169.13,169.24,493973
2021-05-04,170.31,170.88,163,164.19,608849
2021-05-05,163.3,163.7,151.92,156.98,794426
2021-05-06,156.01,156.76,150.29,152.14,796049
2021-05-07,152.6,156.94,151.77,156.94,462867
2021-05-10,158.44,160.77,152.22,152.27,481908
2021-05-11,152.57,152.68,146.85,149.94,793509
2021-05-12,150.91,166,147.53,156.49,991403
2021-05-13,157.66,159.52,151.38,153.5,621598
2021-05-14,155.01,162.09,150.76,160.26,632583
2021-05-17,162.32,173.02,160.87,166.91,954125
2021-05-18,169.61,171.71,162.56,165.24,962808
2021-05-19,164.27,165.53,161.35,164.33,595554
2021-05-20,164.48,171.38,164.46,170.59,701280
2021-05-21,170.59,171.42,166.66,168.16,678435
2021-05-24,167.18,167.18,163.39,163.51,476348
2021-05-25,164.48,168.8,157.56,160.28,660427
2021-05-26,160.38,163.47,157.08,157.08,403678
2021-05-27,160.96,170.59,160.87,170.59,1144385
2021-05-28,172.72,177.84,169.13,173.58,616001
2021-05-31,175,175,168.28,168.74,525989
2021-06-01,156.12,158,152.6,153.38,1833059
2021-06-02,154,161.78,152.8,161.58,1247488
2021-06-04,164.82,171.2,161.82,171.2,516368
2021-06-07,170.66,173.68,167.12,169.76,454673
2021-06-08,169.28,172.2,168,171,418030
2021-06-09,173,178.8,170.8,176.5,879838
2021-06-10,177.1,178.26,172.58,174,284215
2021-06-11,174,186.5,172.82,185.8,674704
2021-06-14,186.2,187.9,182.66,186.78,406463
2021-06-15,191.5,204.7,190.9,198.98,1572918
2021-06-16,207,211.65,186,186.14,1529527
2021-06-17,185,186.4,178.22,181,843200
2021-06-18,182,183.86,179,183.86,889324
2021-06-21,183.86,184.62,179.42,183.38,256814
2021-06-22,182.98,185.96,177.12,177.78,356451
2021-06-23,177.1,178.72,173.04,178,575110
2021-06-24,178,182.4,176.54,180.04,394299
2021-06-25,180,184.1,179,179.72,511215
2021-06-28,179.62,187.6,178.06,185.5,504103
2021-06-29,185,193.24,185,188.36,667808
2021-06-30,187.38,190,182.6,185.02,506269
2021-07-01,185.1,190.96,185.1,188.76,365127
2021-07-02,189.68,192.8,188.8,190.2,264189
2021-07-05,192.62,192.9,189.34,191.9,146929
2021-07-06,191.9,192.5,187.32,187.32,437746
2021-07-07,189.68,193.5,186.86,193.4,407522
2021-07-08,192,193.9,186.82,187.48,319783
2021-07-09,189.14,189.88,187.1,188,220831
2021-07-12,190.2,202,190.1,201.85,1032701
2021-07-13,202.5,206.15,201.3,203.45,417145
2021-07-14,203,203.2,195.5,195.94,329109
2021-07-15,195.98,197.66,193.12,194.92,400152
2021-07-16,194.94,197.96,193.5,194.14,279128
2021-07-19,193.6,194,184.64,186.3,508610
2021-07-20,186.86,188.8,185.14,187.6,399604
2021-07-21,188,194.24,180.4,184.48,415891
2021-07-22,187.3,191,185.24,186.04,254135
2021-07-23,187.5,189.08,185.86,186.28,219461
2021-07-26,188.9,188.9,182.34,184,338742
2021-07-27,184.42,184.78,181.22,183.22,317100
2021-07-28,183.22,184.06,176.8,183.78,669129
2021-07-29,186,189.3,182.86,184,540016
2021-07-30,182.66,184.8,178.64,184.74,307103
2021-08-02,183.48,183.48,174.6,175,828778
2021-08-03,177,177.38,174.1,175.52,411366
2021-08-04,175.52,178,172.66,175.1,244126
2021-08-05,175.88,179.78,174.74,178.24,290573
2021-08-06,178.3,178.34,173.5,174.12,181795
2021-08-09,175,175.24,170.66,172,230117
2021-08-10,172.6,172.8,166.16,166.16,527025
2021-08-11,166.2,168.56,164.08,167.36,226485
2021-08-12,167,168.08,164.74,166.86,175533
2021-08-13,167.6,172.88,166.48,168.9,197493
2021-08-16,168.9,170.5,165,165,279203
2021-08-17,165.5,171.54,164.5,171.02,396754
2021-08-18,170.14,170.4,166.5,166.6,214894
2021-08-19,167.08,168.68,164.58,168.3,192913
2021-08-20,168.28,168.3,164.38,165.74,412701
2021-08-23,166.16,167.78,164.2,165.22,191400
2021-08-24,166.22,166.88,165.02,165.78,178932
2021-08-25,165.72,166.4,164.14,165.58,229919
2021-08-26,164.98,170.9,163.2,168.04,460051
2021-08-27,168.22,168.48,165.5,167.78,205621
2021-08-30,167.88,169.88,164.4,167.62,440313
2021-08-31,167.78,172.62,167.28,169.32,718032
2021-09-01,171,173.9,169.4,170.36,438621
2021-09-02,180,192.96,179.6,189.98,1619048
2021-09-03,189.98,192.06,185,187.02,426207
2021-09-06,187.34,189.2,185.02,188,298438
2021-09-07,186.9,187.58,181.8,185,424729
2021-09-08,185,185,178.3,178.5,466063
2021-09-09,177.9,180.68,176.6,180.68,325655
2021-09-10,180.7,183.86,179.18,181.42,307768
2021-09-13,182.26,188.7,181.5,187.94,489358
2021-09-14,189,189.76,184.24,188.78,427519
2021-09-15,187.4,191.6,186.64,190.86,350844
2021-09-16,191,196.5,191,196.36,597918
2021-09-17,197,199.42,192.28,195,1079275
2021-09-20,192.12,192.26,184,184.42,384305
2021-09-21,184.2,188,183,184.8,367099
2021-09-22,186.2,192.68,185.8,190.1,443804
2021-09-23,191,196.5,190.42,193,256997
2021-09-24,192.74,192.8,184.02,184.02,363197
2021-09-27,185.4,186.14,177.2,181.18,295818
2021-09-28,180.3,185,179,183.82,230900
2021-09-29,184,186.9,183,184.1,137603
2021-09-30,186.1,191.8,184.48,191.8,364149
2021-10-01,190.5,195.4,186.52,189.54,433807
2021-10-04,188.12,188.12,182.5,184.1,423246
2021-10-05,184,194,182.5,194,516587
2021-10-06,192.7,193.78,188,193.14,375756
2021-10-07,190,197.3,189.68,194.1,494755
2021-10-08,193.88,196.7,192.66,194.86,253153
2021-10-11,194.76,197.9,192.8,195.2,272269
2021-10-12,195.16,204.8,195.16,203.9,618027
2021-10-13,203.05,209.4,200.8,208.85,402533
2021-10-14,208.8,212,199.3,200,577646
2021-10-15,200.8,201,188.02,188.12,963877
2021-10-18,188.8,191.5,186.1,189.06,334339
2021-10-19,189.1,197.52,189.1,197.48,303807
2021-10-20,197,197.58,193.5,193.6,209050
2021-10-21,183.42,184.46,175.76,181,1260413
2021-10-22,181,184.98,181,184.28,289500
2021-10-25,185.5,187.68,184.7,187.2,222791
2021-10-26,187.26,188.5,182,182,215290
2021-10-27,181.82,183.14,176.2,178.02,348705
2021-10-28,178.98,180.52,172.82,172.82,370009
2021-10-29,174.1,177.2,172.58,173.88,383668
2021-11-02,176.2,176.2,170.66,173.42,323189
2021-11-03,173.82,177.32,173,173.6,406803
2021-11-04,174.02,181.6,173.22,181.1,281405
2021-11-05,182,183.2,177.42,178.82,206708
2021-11-08,178.82,181.88,178.22,179,85696
2021-11-09,178.4,182.86,178.24,181.7,194948
2021-11-10,182.26,182.5,178.36,180.74,148479
2021-11-12,182.5,187.28,182.08,184.8,305790
2021-11-15,184.72,189.86,183.32,183.32,257870
2021-11-16,184,187.36,182.38,183,247348
2021-11-17,184.5,184.5,179.22,179.94,198916
2021-11-18,179.92,181.88,178,181.34,181267
2021-11-19,180,189.6,178.5,189,463903
2021-11-22,189,197.5,186.6,194.48,604454
2021-11-23,194,201,190.4,201,959888
2021-11-24,199.88,201,186.5,186.54,556521
2021-11-25,189,190.98,185.18,187.08,194865
2021-11-26,185,186.8,181.1,185.52,553810
2021-11-29,187,198.8,186.94,191.52,538882
2021-11-30,180,186.5,175.3,184.5,975100
2021-12-01,183.54,185.6,178.1,185,450969
2021-12-02,182.5,183.7,177.5,180,361135
2021-12-03,181.58,183.58,179.92,181.46,621878
2021-12-06,182.1,185.34,181.1,184,278651
2021-12-07,184.9,189.68,183.4,185.58,364939
2021-12-08,185.4,188.06,183.54,186.2,249958
2021-12-09,184,186.76,178.58,180.14,319071
2021-12-10,179.78,181.3,178.06,178.54,147386
2021-12-13,178.66,183.58,178.66,182.62,266656
2021-12-14,182.62,184.26,172.92,172.92,447537
2021-12-15,173.2,181.56,172.94,179,370788
2021-12-16,183.5,187.24,181,183.96,464350
2021-12-17,182.72,189.06,182.1,188.96,752662
2021-12-20,184.24,193.04,184.06,193.04,408734
2021-12-21,191,193,187.02,191.36,220562
2021-12-22,191.4,197.84,191,197.84,334359
2021-12-23,197.84,197.86,191.22,194.58,224342
2021-12-27,191.18,197.26,188.2,195.28,301036
2021-12-28,194,195.2,189.6,190.5,260010
2021-12-29,189.5,193.5,188.52,190.12,162686
2021-12-30,189.2,192.9,189.2,192.9,162817
2022-01-03,192.88,201.9,192.36,200.6,650787
2022-01-04,200.9,201.8,197.7,198.46,513845
2022-01-05,198,204,197.2,204,348892
2022-01-07,200.4,201.55,195.88,198.64,530654
2022-01-10,198.6,199.66,188.1,188.1,403340
2022-01-11,189.5,193.1,188.2,188.56,343540
2022-01-12,189.3,196.66,186,196,523991
2022-01-13,193,197.76,192,193.02,294449
2022-01-14,192.96,195.34,189.7,191,256701
2022-01-17,191.5,191.82,188.7,191,113825
2022-01-18,190,208.1,186.46,194,1468991
2022-01-19,192,192.38,187,187.74,541809
2022-01-20,189.3,192.36,187.48,190,394610
2022-01-21,189,191,184.16,186,377091
2022-01-24,185,187.5,176,178,492727
2022-01-25,178,180.88,172.4,172.82,515298
2022-01-26,173.5,177.2,172.02,173.12,316123
2022-01-27,171.96,175.72,168.56,175.4,269912
2022-01-28,175,176.9,166.1,166.22,474339
2022-01-31,169.2,180.06,166.5,180.06,524308
2022-02-01,181.28,185.9,177.82,180.94,888178
2022-02-02,182,186.6,180.94,185.84,372931
2022-02-03,183.24,185.84,182.46,185,112530
2022-02-04,183,187.34,177.88,177.88,360363
2022-02-07,178.02,181.32,176,179.56,407030
2022-02-08,179.26,180,173.4,178.46,495046
2022-02-09,179.8,183.6,177.94,183.6,363955
2022-02-10,183.8,184,178.16,181.48,197816
2022-02-11,180.76,180.76,176.8,178.02,242564
2022-02-14,173.68,180.78,172.9,178.8,466445
2022-02-15,180,187.36,179.42,180.86,622285
2022-02-16,187.5,188,180.2,181.8,334219
2022-02-17,182,183.8,178.6,180,346062
2022-02-18,180,182.32,174.8,174.8,274160
2022-02-21,176.56,177.2,168.38,169,322394
2022-02-22,166,171.1,159.2,171.1,403438
2022-02-23,175.74,179.9,169,169.4,418291
2022-02-24,160,164,150.2,159.86,763166
2022-02-25,164.32,167.48,160.22,164.4,427057
2022-02-28,161.42,170,159.04,168.4,653468
2022-03-01,170,171.96,166.92,168.3,597472
2022-03-02,167,175,165.98,172.52,581855
2022-03-03,171.5,172,163,163,434390
2022-03-04,163,165.88,159.56,161.28,312568
2022-03-07,158,163.48,155,162.88,578622
2022-03-08,162,164.88,156,157.96,437218
2022-03-09,160.4,164.5,160.16,162.06,351241
2022-03-10,162.72,164.38,158,158,298591
2022-03-11,160.34,165.28,158.52,163.52,343457
2022-03-14,163.64,166.7,160.52,162.7,300110
2022-03-15,163,169.4,161.74,166.92,356643
2022-03-16,169,172.36,166.06,170.3,518055
2022-03-17,171.5,173.9,168.8,173,388040
2022-03-18,173.78,174.38,168.2,170.12,509006
2022-03-21,168.56,172.8,168.2,171.32,183151
2022-03-22,186.94,187.14,171.68,174.18,1108734
2022-03-23,174.88,181.4,174.3,177.96,491886
2022-03-24,178,178.02,174,175.98,237858
